nome,vendedor,Avaliação,reviews,preco_antigo,preco_atual,source,data
"Notebook Lenovo Ideapad 1 Intel Core i3 1215U 8GB RAM 256GB SSD Windows 11 Home Tela 15,6"" 82VY000SBR",Vikings,4.8,6087.0,3998.0,2463.0,https://lista.mercadolivre.com.br/notebooks,2025-08-18 14:47:16.743024
Notebook Acer Nitro 51uz Ci5 13ªg 16gb Ram 512ssd Rtx4050,Acer Brasil,4.9,21.0,6999.0,5199.0,https://lista.mercadolivre.com.br/notebooks,2025-08-18 14:47:16.743024
"Notebook Samsung Galaxy Book4 Intel® U300 (1.20 Ghz, até 4.4GHz, 8 MB L3 Cache), Windows 11 Home, 8GB, 256GB SSD, UHD Graphics, 15.6'' Full HD LED, 1.55kg",Vikings,4.8,9114.0,4499.0,3099.0,https://lista.mercadolivre.com.br/notebooks,2025-08-18 14:47:16.743024
"Notebook Lenovo Ideapad 1i Intel Core i5 - 1235U, 8GB RAM, 512GB SSD, Windows 11 Home, Tela 15,6'' HD - 82VY000QBR",Vikings,4.8,5072.0,4199.0,2911.0,https://lista.mercadolivre.com.br/notebooks,2025-08-18 14:47:16.743024
Notebook Acer Gamer Nitro V15 Intel Core i7 13ª Ger. 32GB 512SSD RTX3050 com 6GB GDDR6 Nvidia GeForce Linux Gutta ANV15-51-73BP,Vikings,4.8,206.0,8998.0,5984.0,https://lista.mercadolivre.com.br/notebooks,2025-08-18 14:47:16.743024
Notebook Lenovo LOQ-e 15iax9e Intel Core i5-12450hx 16gb 512gb Ssd Rtx 3050 Windows 11 15.6 - 83me0007br Luna Grey,Mobcom,4.9,627.0,7000.0,5099.0,https://lista.mercadolivre.com.br/notebooks,2025-08-18 14:47:16.743024
Notebook Gamer Predator Helios Neo / Phn16-72-74vx / Intel® Core I7-14700hx De 14ªgeração / 16gb / 512ssd / Windows 11 Home / Nvidia Geforce Rtx 4070 Gddr6 / Tela 16,Acer Brasil,4.8,145.0,12999.0,9999.0,https://lista.mercadolivre.com.br/notebooks,2025-08-18 14:47:16.743024
Notebook Acer Aspire 5 A515-45-r0xr Ryzen7 8gb 256gb Ssd 15.6 Full Hd Linux Gutta,Vikings,4.8,932.0,4141.0,2754.0,https://lista.mercadolivre.com.br/notebooks,2025-08-18 14:47:16.743024
"Notebook Positivo Vision Intel Core i3 8gb RAM 256gb Ssd Tela 15.6"" Full Hd Linux - Preto",123 Comprou,4.6,213.0,3212.0,2024.0,https://lista.mercadolivre.com.br/notebooks,2025-08-18 14:47:16.743024
Notebook Gamer Acer Nitro V Intel Core i7 13ª Geração 16GB 512GB RTX4050 Linux Gutta 15.6' FHD ANV15-51-7037,Acer Brasil,4.8,2112.0,7299.0,6099.0,https://lista.mercadolivre.com.br/notebooks,2025-08-18 14:47:16.743024
"Notebook Lenovo IdeaPad 1 15IAU7 Intel Core i7-1255U HD 15.6"" Intel Iris Xe 512GB SSD 12GB RAM Windows 11- 82VY000PBR",Carrefour,4.7,289.0,4799.0,3915.0,https://lista.mercadolivre.com.br/notebooks,2025-08-18 14:47:16.743024
"Notebook VAIO FE15 Intel Core i5 12th 16GB 512GB SSD Tela 15,6'' Full HD Antirreflexo Windows 11 Home Cinza Grafite B2621H",INPOWER,4.8,897.0,4599.0,3699.0,https://lista.mercadolivre.com.br/notebooks,2025-08-18 14:47:16.743024
"Notebook ASUS Vivobook Go 15 E510KA Intel Celeron Dual Core N4500 4GB Ram 128GB EMMC Windows 11 Home 15,60"" HD Black - BR808WS",Asus,4.4,124.0,1999.0,1618.0,https://lista.mercadolivre.com.br/notebooks,2025-08-18 14:47:16.743024
"Notebook Gamer ASUS TUF Gaming A15 AMD Ryzen 7 7435HS 3,1 GHz RTX3050 16GB RAM 512GB SSD Windows 11 Home Tela 15,6 144Hz IPS FHD Graphite Black - FA506NCR-HN088W",Mercado Livre,4.9,78.0,6499.0,5999.0,https://lista.mercadolivre.com.br/notebooks,2025-08-18 14:47:16.743024
"Notebook ASUS Vivobook Go 15 E1504 AMD RYZEN 5 7520U 8GB Ram 256GB SSD Linux KeepOS 15,6” FHD Black E1504FA-NJ731",Mercado Livre,4.8,1056.0,2729.0,2593.0,https://lista.mercadolivre.com.br/notebooks,2025-08-18 14:47:16.743024
"Notebook Positivo Vision R15 Lumina Bar, AMD Ryzen 5 8GB 256GB, Tela 15 polegadas Full HD Antirreflexo, Linux - Preto",123 Comprou,4.7,79.0,3284.0,2299.0,https://lista.mercadolivre.com.br/notebooks,2025-08-18 14:47:16.743024
Notebook VAIO FE16 AMD Ryzen 5-5625U Linux 8GB RAM 256GB SSD Wi-Fi 6 Tela 16'' IPS WUXGA Antirreflexo - Cinza Grafite - Vjfe69f11x-b0411h - Permite upgrade de memória RAM e SSD,123 Comprou,4.8,63.0,4570.0,2969.0,https://lista.mercadolivre.com.br/notebooks,2025-08-18 14:47:16.743024
Notebook Multi Ultra Celeron N4020c 4gb 128gb W11 14'' Cinza,123 Comprou,4.5,648.0,2064.0,1250.0,https://lista.mercadolivre.com.br/notebooks,2025-08-18 14:47:16.743024
Notebook Acer Vero AV15-53P-72JT Intel Core i7 – 1355U 13ªG 16GB 512GB SSD W11 15.6”,Vikings,5.0,10.0,6284.0,3871.0,https://lista.mercadolivre.com.br/notebooks,2025-08-18 14:47:16.743024
"Notebook Gamer Acer Nitro V ANV15-51-57WS Intel® Core™ i5-13420H 13ªGeração 512SSD 8GB Nvidia® GeForce® RTX 3050 GDDR6 Linux Gutta 15,6'",Acer Brasil,4.8,3590.0,5299.0,4699.0,https://lista.mercadolivre.com.br/notebooks,2025-08-18 14:47:16.743024
Notebook Acer Nitro V15 Anv15-52-96aq Intel® Core I9-13900h De 13° G 16gb 512gb Ssd Rtx4060 Windows 11 Home 15.6,Acer Brasil,4.5,11.0,8999.0,7799.0,https://lista.mercadolivre.com.br/notebooks,2025-08-18 14:47:16.743024
Notebook Lenovo Ideapad Slim 3 15irh10 Intel Core i5-13420h 8gb 512gb Ssd Linux 15.3 - 83nss00000 Luna Grey,Lenovo,4.9,10.0,3199.0,2799.0,https://lista.mercadolivre.com.br/notebooks,2025-08-18 14:47:16.743024
Notebook Positivo Vision C15 Lumina Bar Celeron 4gb 128gb Emmc Tela 15 Hd Antirreflexo Windows 11 Tecla Link Cinza,Positivo,4.6,3696.0,1999.0,1499.0,https://lista.mercadolivre.com.br/notebooks,2025-08-18 14:47:16.743024
Notebook Asus Vivobook S14 S3407va Intel Core I7 13620h 16gb Ram 512gb Ssd Windows 11 Tela 14 Led Fhd Silver - Ly043w,Asus,5.0,4.0,5999.0,5045.0,https://lista.mercadolivre.com.br/notebooks,2025-08-18 14:47:16.743024
"Notebook Asus Vivobook 15 X1504va Intel Core I5 1334u 8gb Ram 512gb Ssd Intel Iris Xe Windows 11 Home Tela 15,6 Fhd Silver - Nj1740w",Asus,4.9,57.0,3599.0,2914.0,https://lista.mercadolivre.com.br/notebooks,2025-08-18 14:47:16.743024
Notebook Dell Inspiron I15-i120k-a25p I5 8gb 512gb 15.6 W11,Dell,4.8,2198.0,3698.0,3370.0,https://lista.mercadolivre.com.br/notebooks,2025-08-18 14:47:16.743024
"Notebook Gamer Acer Nitro V Intel Core I5 - 13420H, 8GB Ram, 512GB SSD, NVIDIA RTX4050, Windows 11 Home, Tela 15,6"" Full HD - ANV15-51-54DL",Acer Brasil,4.8,1567.0,7299.0,5499.0,https://lista.mercadolivre.com.br/notebooks,2025-08-18 14:47:16.743024
Notebook Aspire GO 15 Ag15-71p-5405 Ci5 16gb 512gb Ssd Led Linux Acer,Mercado Livre,4.9,20.0,4932.0,2999.0,https://lista.mercadolivre.com.br/notebooks,2025-08-18 14:47:16.743024
"Notebook Acer TravelMate Intel® Core™ i7–1355U de 13ª Geração 16GB RAM 512SSD Windows 11 Pro 14"" WUXGA TMP214-55-70G2",Acer Brasil,4.6,16.0,7999.0,4499.0,https://lista.mercadolivre.com.br/notebooks,2025-08-18 14:47:16.743024
"Notebook Acer Aspire 3 Intel Core I3 - N305, 8G RAM, 256GB SSD, Windows 11 Home, Tela 15,6"" Full HD - A315-510P-34XC 110V/220V",Mercado Livre,4.8,9399.0,3682.0,2598.0,https://lista.mercadolivre.com.br/notebooks,2025-08-18 14:47:16.743024
"Notebook Vaio Fe16 Amd Ryzen 5-5625u Windows 11 Home 8gb RAM 256gb Ssd Wi-Fi 6 Tela 16"" Ips Wuxga Antirreflexo - Cinza Grafite - Vjfe69f11x-b0421h - Permite upgrade de memória RAM e SSD",Loi Brasil,5.0,3.0,4666.0,2999.0,https://lista.mercadolivre.com.br/notebooks,2025-08-18 14:47:16.743024
Notebook Acer Aspire 5 15.6 Fhd I5-12450h 256gb Ssd 8gb Cor Cinza,Itotal,4.6,130.0,3990.0,2747.0,https://lista.mercadolivre.com.br/notebooks,2025-08-18 14:47:16.743024
"Notebook Acer Aspire 3 Intel Core i3– N305 FHD 15.6"" LED TN UHD para processadores Inte 256GB SDD 8GB RAM Debian 64 bits Prata - A315-510P-320B",Eshop,4.8,467.0,3237.0,2541.0,https://lista.mercadolivre.com.br/notebooks,2025-08-18 14:47:16.743024
"Notebook Lenovo Ideapad 1i Intel Core I3 - 1215U, 4GB RAM, 256GB SSD, Windows 11 Home, Tela 15.6'' - 82VY000TBR Cor cinza",TCN,4.8,1572.0,3190.0,2289.0,https://lista.mercadolivre.com.br/notebooks,2025-08-18 14:47:16.743024
"Notebook Asus Vivobook Go 15 E1504fa Amd Ryzen 5 7520u 16gb Ram 512gb Ssd Linux Keepos Tela 15,6 Led Fhd Black - Nj1288",Asus,4.8,437.0,3299.0,2695.0,https://lista.mercadolivre.com.br/notebooks,2025-08-18 14:47:16.743024
Notebook Positivo Vision C15 Lumina Bar Celeron 8gb 128gb Emmc 15 Hd Linux - Cinza,123 Comprou,4.1,7.0,2427.0,1529.0,https://lista.mercadolivre.com.br/notebooks,2025-08-18 14:47:16.743024
"Notebook ASUS Vivobook Go E1504GA Intel Core i3 N305 8GB Ram 512GB SSD Windows 11 Tela 15,6"" FHD Silver - NJ435W",Fast Shop,4.9,793.0,3199.0,2734.0,https://lista.mercadolivre.com.br/notebooks,2025-08-18 14:47:16.743024
"Notebook Asus Vivobook 15 X1504va Intel Core I5 1334u 4gb Ram 256gb Ssd Linux Keepos Tela 15,6 Led Fhd Silver - Nj1726",Asus,4.6,32.0,2799.0,2491.0,https://lista.mercadolivre.com.br/notebooks,2025-08-18 14:47:16.743024
Notebook Inspiron I15-i1300-a80p I7 16gb 1tb W11 Preto Dell,Dell,4.0,7.0,5398.0,4899.0,https://lista.mercadolivre.com.br/notebooks,2025-08-18 14:47:16.743024
Notebook Acer Vero AV15-53P-56HM Intel® Core™ i5 – 1335U 15.6” Full HD Intel® Iris® Xe 512 GB SSD 8 GB RAM Windows 11 Home,2Eletro,4.9,58.0,4636.0,2999.0,https://lista.mercadolivre.com.br/notebooks,2025-08-18 14:47:16.743024
Notebook Hp 256r G9 Intel Core I3-1315u 15.6 Hd Intel Uhd Graphics 256gb Ssd 8gb Ram Windows 11 Home 64 Sl - AN1A2LA#AK4,HP,4.8,356.0,3232.0,2754.0,https://lista.mercadolivre.com.br/notebooks,2025-08-18 14:47:16.743024
"Notebook VAIO FE15 Intel Core i5 12th 16GB 512GB SSD Tela 15,6'' Full HD Antirreflexo Windows 11 Home Cinza Grafite B2621H",INPOWER,4.8,897.0,4599.0,3699.0,https://lista.mercadolivre.com.br/notebooks,2025-08-18 14:47:16.743024
Notebook Dell 15.6  Fhd Intel I7 16gb 512gb Ssd Preto,Dell,4.8,47.0,4739.0,4399.0,https://lista.mercadolivre.com.br/notebooks,2025-08-18 14:47:16.743024
Notebook Positivo Vision C14 Lumina Bar Celeron 8gb 256gb Emmc Tela 14 Polegadas Hd Antirreflexo Linux Tecla Link - Cinza,Positivo,4.5,559.0,2099.0,1399.0,https://lista.mercadolivre.com.br/notebooks,2025-08-18 14:47:16.743024
Notebook Hp 256r G9 Intel Core I3-1315u 15.6 Hd Intel Uhd Graphics 256gb Ssd 8gb Ram Windows 11 Home 64 Sl - AN1A2LA#AK4,HP,4.8,356.0,3232.0,2754.0,https://lista.mercadolivre.com.br/notebooks,2025-08-18 14:47:16.743024
Notebook Lenovo Ideapad Slim 3 15irh10 Intel Core i5-13420h 16gb 512gb Ssd Windows 11 15.3 - 83ns0001br Luna Grey,Lenovo,4.9,31.0,3799.0,3329.0,https://lista.mercadolivre.com.br/notebooks,2025-08-18 14:47:16.743024
"Notebook Positivo Vision C15 Lumina Bar Celeron, 8GB 128GB eMMC, Tela 15.6"" HD Antirreflexo, Windows 11, Tecla Link, Cinza",Positivo,4.6,1232.0,2641.0,1756.0,https://lista.mercadolivre.com.br/notebooks,2025-08-18 14:47:16.743024
"Notebook Samsung Galaxy Book4 Intel® Core™ i5-1335U (1.3 Ghz, até 4.6GHz, 12 MB L3 Cache), Windows 11 Home, 8GB, 512GB SSD, Iris Xe, 15.6'' Full HD LED, 1.55kg",Samsung,4.8,2254.0,4099.0,3704.0,https://lista.mercadolivre.com.br/notebooks,2025-08-18 14:47:16.743024
Notebook Lenovo LOQ-e 15iax9e Intel Core i5-12450hx 16gb 512gb Ssd Rtx 3050 Windows 11 15.6 - 83me0007br Luna Grey,Mobcom,4.9,627.0,5879.0,4899.0,https://lista.mercadolivre.com.br/notebooks,2025-08-18 14:47:16.743024
"Notebook Positivo Vision R15 Lumina Bar, AMD Ryzen 5 8GB 256GB, Tela 15 polegadas Full HD Antirreflexo, Linux - Preto",123 Comprou,4.7,79.0,3284.0,2299.0,https://lista.mercadolivre.com.br/notebooks,2025-08-18 14:47:16.743024
"Notebook Positivo Vision Intel Core i3 8gb RAM 256gb Ssd Tela 15.6"" Full Hd Linux - Preto",123 Comprou,4.6,213.0,3212.0,2024.0,https://lista.mercadolivre.com.br/notebooks,2025-08-18 14:47:16.743024
"Notebook Positivo Duo 2 em 1 Intel Celeron C4128B-3 4GB 128GB 11,6"" IPS HD Windows 11",Positivo,4.5,5385.0,1649.0,1299.0,https://lista.mercadolivre.com.br/notebooks,2025-08-18 14:47:16.743024
Notebook Gamer Lenovo Loq-e Ci5 Rtx3050 512gb 16gb W11+ubook,Mobcom,4.9,114.0,6657.0,4699.0,https://lista.mercadolivre.com.br/notebooks,2025-08-18 14:47:16.743024
"Notebook Positivo Vision C15 Lumina Bar Celeron, 8gb 256gb Emmc, Tela 15 Polegadas Hd Antirreflexo, Linux, Tecla Link, Cinza",Positivo,4.7,230.0,2199.0,1499.0,https://lista.mercadolivre.com.br/notebooks,2025-08-18 14:47:16.743024
Notebook Hp 256r G9 Intel Core I3-1315u 15.6 Hd Intel Uhd Graphics 256gb Ssd 8gb Ram Windows 11 Home 64 Sl - AN1A2LA#AK4,HP,4.8,356.0,3232.0,2754.0,https://lista.mercadolivre.com.br/notebooks,2025-08-18 14:47:16.743024
Notebook Gamer Lenovo Loq-e Ci5 Rtx3050 512gb 16gb W11+ubook,Mobcom,4.9,114.0,6657.0,4699.0,https://lista.mercadolivre.com.br/notebooks,2025-08-18 14:47:16.743024
Notebook Dell 15.6  Fhd Intel I7 16gb 512gb Ssd Preto,Dell,4.8,47.0,4739.0,4399.0,https://lista.mercadolivre.com.br/notebooks,2025-08-18 14:47:16.743024
Notebook Positivo Vision C14 Lumina Bar Celeron 8gb 256gb Emmc Tela 14 Polegadas Hd Antirreflexo Linux Tecla Link - Cinza,Positivo,4.5,559.0,2099.0,1399.0,https://lista.mercadolivre.com.br/notebooks,2025-08-18 14:47:16.743024
"Notebook Positivo Vision C15 Lumina Bar Celeron, 8gb 256gb Emmc, Tela 15 Polegadas Hd Antirreflexo, Linux, Tecla Link, Cinza",Positivo,4.7,230.0,2199.0,1499.0,https://lista.mercadolivre.com.br/notebooks,2025-08-18 14:47:16.743024
Notebook HP 256R G9 Intel Core i5-1334U 15.6 HD Intel UHD 256GB SSD 16GB RAM Windows 11 Home 64 PLS SL - BQ9L2AT#AK4,HP,5.0,2.0,4754.0,3324.0,https://lista.mercadolivre.com.br/notebooks,2025-08-18 14:47:16.743024
"Notebook Vaio Fe16 Amd Ryzen 7-5825u Linux 16gb RAM 512gb Ssd Wi-Fi 6 Tela 16"" Ips Wuxga Antirreflexo Cinza Grafite Vjfe69f11xb0121h - Permite upgrade de memória RAM e SSD",Vaio,4.8,134.0,4799.0,3449.0,https://lista.mercadolivre.com.br/notebooks,2025-08-18 14:47:16.743024
"Notebook Lenovo IdeaPad Slim 3 15IRH10 Intel Core i5-13420H 8GB 512GB SSD Windows 11 15.3"" - 83NS0002BR Luna Grey",NegociuN,5.0,2.0,4089.0000000000005,3329.0,https://lista.mercadolivre.com.br/notebooks,2025-08-18 14:47:16.743024
"Notebook Positivo Vision R15 Lumina Bar, Amd Ryzen 7 16gb 512gb, Tela 15 Polegadas Full Hd Antirreflexo, Linux - Preto",Positivo,4.6,57.0,3899.0,2699.0,https://lista.mercadolivre.com.br/notebooks,2025-08-18 14:47:16.743024
"Notebook Gamer Acer Nitro V15 I7-13620h 13ªGen 8gb 512gb Rtx3050 6gb Linux 15.6"" FHD Preto - Anv15-51-7837",2Eletro,4.4,42.0,6998.0,4899.0,https://lista.mercadolivre.com.br/notebooks,2025-08-18 14:47:16.743024
Notebook Lenovo V14 Amd R5 7520u 8gb 256gb Ssd W11 Pro Preto,2Eletro,4.3,7.0,4110.0,2999.0,https://lista.mercadolivre.com.br/notebooks,2025-08-18 14:47:16.743024
"Notebook Gamer Acer Nitro V15 - 15.6 144hz Ips, Intel Core I7 13620h (13ª Geração) 4.90ghz, Nvidia Geforce Rtx 3050 6gb Gddr6, 8gb Ram Ddr5, 512gb Ssd Pcie 4.0 Nvme, Áudio Dts, Preto - Anv15-51-7837",Eshop,5.0,60.0,7419.0,5025.0,https://lista.mercadolivre.com.br/notebooks,2025-08-18 14:47:16.743024
"Notebook Positivo Vision C15 Lumina Bar Celeron, 8gb 256gb Emmc, Tela 15 Polegadas Hd Antirreflexo, Linux, Tecla Link, Cinza",Positivo,4.7,230.0,2199.0,1499.0,https://lista.mercadolivre.com.br/notebooks,2025-08-18 14:47:16.743024
"Notebook Multi Ultra Celeron N4020c 4gb 128gb W11 15,6 Cinza",123 Comprou,4.9,8.0,2141.0,1321.0,https://lista.mercadolivre.com.br/notebooks,2025-08-18 14:47:16.743024
"Notebook Asus Vivobook 15 X1504va Intel Core I5 1334u 8gb Ram 256gb Ssd Linux Keepos Intel Iris Xe Tela 15,6 Led Fhd Silver - Nj1739",Mercado Livre,4.6,23.0,2899.0,2706.0,https://lista.mercadolivre.com.br/notebooks,2025-08-18 14:47:16.743024
Notebook Positivo Vision C14 Lumina BAR Celeron 4GB 128GB eMMC Tela 14 Polegadas HD Antirreflexo Windows 11 Tecla Link Cinza,Positivo,4.6,4697.0,1799.0,1399.0,https://lista.mercadolivre.com.br/notebooks,2025-08-18 14:47:16.743024
"Notebook VAIO FE15 Intel Core i5 12ªgen 8GB 512GB SSD Tela 15,6'' Full HD Antirreflexo Linux - Cinza Grafite - VJFE54F11XB2321H",Eshop,4.8,82.0,4950.0,2948.0,https://lista.mercadolivre.com.br/notebooks,2025-08-18 14:47:16.743024
Notebook Lenovo Ideapad 1 15amn7 Amd Ryzen 3 7320u 8gb 256gb Ssd Windows 11 15.6 - 82x5000mbr Cloud Grey,Lenovo,5.0,3.0,2449.0,2159.0,https://lista.mercadolivre.com.br/notebooks,2025-08-18 14:47:16.743024
Notebook Asus Vivobook Go Core I3 N305 4gb 256ssd W11 Fhd,Mercado Livre,4.7,657.0,2599.0,2329.0,https://lista.mercadolivre.com.br/notebooks,2025-08-18 14:47:16.743024
Notebook VAIO FE16 AMD Ryzen 5-5625U Windows 11 Home 16GB RAM 512GB SSD Wi-Fi 6 Tela 16” IPS Full HD WUXGA Antirreflexo Cinza Grafite Vjfe69f11xb0721h - Permite upgrade de memória RAM e SSD,Positivo,5.0,4.0,4887.0,3849.0,https://lista.mercadolivre.com.br/notebooks,2025-08-18 14:47:16.743024
Notebook Acer Aspire 15 Ag15-51p-39mu Ci3 8gb 256gb Ssd Led Ips W11,Mercado Livre,5.0,6.0,4003.9999999999995,2699.0,https://lista.mercadolivre.com.br/notebooks,2025-08-18 14:47:16.743024
"Notebook Gamer Acer Nitro V15 I7-13620h 13ªGen 8gb 512gb Rtx3050 6gb Linux 15.6"" FHD Preto - Anv15-51-7837",2Eletro,4.4,42.0,6998.0,4899.0,https://lista.mercadolivre.com.br/notebooks,2025-08-18 14:47:16.743024
"Notebook Lenovo Ideapad Intel Celeron - N4020, 4GB RAM, 128SSD, Windows 11 Home C/office, Tela Led 15,6"", Cor Cinza - 82VX0001BR",Eletro2U,4.7,1896.0,2499.0,1799.0,https://lista.mercadolivre.com.br/notebooks,2025-08-18 14:47:16.743024
"Notebook ASUS Vivobook Go E1504FA AMD Ryzen 5 7520U 8GB Ram 256GB SSD Windows 11 Tela 15,6"" FHD Black - NJ825W",Mercado Livre,4.8,166.0,2999.0,2668.0,https://lista.mercadolivre.com.br/notebooks,2025-08-18 14:47:16.743024
Notebook Positivo Vision C14 Lumina Bar Celeron 8gb 256gb Emmc Tela 14 Polegadas Hd Antirreflexo Linux Tecla Link - Cinza,Positivo,4.5,559.0,2099.0,1399.0,https://lista.mercadolivre.com.br/notebooks,2025-08-18 14:47:16.743024
Notebook Lenovo Ideapad 1 Ryzen 5 - 7520u 8gb 512gb Ssd Linux 15.6 82X5S00500,Lenovo,4.8,1195.0,2699.0,2379.0,https://lista.mercadolivre.com.br/notebooks,2025-08-18 14:47:16.743024
"Notebook Asus Vivobook 15 X1504va Intel Core I5 1334u 16gb Ram 512gb Ssd Linux Keepos Intel Iris Xe Tela 15,6 Led Fhd Blue - Nj1746",Asus,4.9,54.0,3699.0,2831.0,https://lista.mercadolivre.com.br/notebooks,2025-08-18 14:47:16.743024
Notebook Dell 15.6  Fhd Intel I7 16gb 512gb Ssd Preto,Dell,4.8,47.0,4739.0,4399.0,https://lista.mercadolivre.com.br/notebooks,2025-08-18 14:47:16.743024
Notebook Positivo Vision C14 Lumina Bar Celeron 8gb 256gb Emmc Tela 14 Polegadas Hd Antirreflexo Linux Tecla Link - Cinza,Positivo,4.5,559.0,2099.0,1399.0,https://lista.mercadolivre.com.br/notebooks,2025-08-18 14:47:16.743024
"Notebook Positivo Vision C15 Lumina Bar Celeron, 8gb 256gb Emmc, Tela 15 Polegadas Hd Antirreflexo, Linux, Tecla Link, Cinza",Positivo,4.7,230.0,2199.0,1499.0,https://lista.mercadolivre.com.br/notebooks,2025-08-18 14:47:16.743024
"Notebook Asus Vivobook 15 X1504va Intel Core I5 1334u 16gb Ram 512gb Ssd Linux Keepos Intel Iris Xe Tela 15,6 Led Fhd Blue - Nj1746",Asus,4.9,54.0,3699.0,2831.0,https://lista.mercadolivre.com.br/notebooks,2025-08-18 14:47:16.743024
"Notebook Vaio Fe16 Amd Ryzen 7-5825u Linux 16gb RAM 512gb Ssd Wi-Fi 6 Tela 16"" Ips Wuxga Antirreflexo Cinza Grafite Vjfe69f11xb0121h - Permite upgrade de memória RAM e SSD",Vaio,4.8,134.0,4799.0,3449.0,https://lista.mercadolivre.com.br/notebooks,2025-08-18 14:47:16.743024
Notebook HP 256R G9 Intel Core i5-1334U 15.6 HD Intel UHD 256GB SSD 16GB RAM Windows 11 Home 64 PLS SL - BQ9L2AT#AK4,HP,5.0,2.0,4754.0,3324.0,https://lista.mercadolivre.com.br/notebooks,2025-08-18 14:47:16.743024
"Notebook Vaio Fe16 Amd Ryzen 7-5825u Linux 16gb RAM 512gb Ssd Wi-Fi 6 Tela 16"" Ips Wuxga Antirreflexo Cinza Grafite Vjfe69f11xb0121h - Permite upgrade de memória RAM e SSD",Vaio,4.8,134.0,4799.0,3449.0,https://lista.mercadolivre.com.br/notebooks,2025-08-18 14:47:16.743024
"Notebook Lenovo IdeaPad Slim 3 15IRH10 Intel Core i5-13420H 8GB 512GB SSD Windows 11 15.3"" - 83NS0002BR Luna Grey",NegociuN,5.0,2.0,4089.0000000000005,3329.0,https://lista.mercadolivre.com.br/notebooks,2025-08-18 14:47:16.743024
"Notebook Vaio Fe15 - Intel Core I3 12th, 8gb 256gb Ssd, Tela 15,6'' Full Hd Antirreflexo, Linux - Vjfe54f11x-b0921h - Cinza Grafite",Eshop,4.7,22.0,3900.0,2499.0,https://lista.mercadolivre.com.br/notebooks,2025-08-18 14:47:16.743024
Notebook Acer TMP214-55-59VU Intel® Core™ i5 1335U de 13ª geração 8GB 512GB SSD W11 Pro 14”,Acer Brasil,4.9,13.0,7999.0,3799.0,https://lista.mercadolivre.com.br/notebooks,2025-08-18 14:47:16.743024
Notebook Acer Aspire 58md Ci5 13°g W11 Home  512ssd 8gb Ram Verde-escuro,Acer Brasil,4.9,8.0,3999.0,3199.0,https://lista.mercadolivre.com.br/notebooks,2025-08-18 14:47:16.743024
"Notebook Positivo Vision R15 Lumina Bar, Amd Ryzen 7 16gb 512gb, Tela 15 Polegadas Full Hd Antirreflexo, Linux - Preto",Positivo,4.6,57.0,3899.0,2699.0,https://lista.mercadolivre.com.br/notebooks,2025-08-18 14:47:16.743024
"Notebook Gamer Acer Nitro V15 I7-13620h 13ªGen 8gb 512gb Rtx3050 6gb Linux 15.6"" FHD Preto - Anv15-51-7837",2Eletro,4.4,42.0,6998.0,4899.0,https://lista.mercadolivre.com.br/notebooks,2025-08-18 14:47:16.743024
Notebook Lenovo V14 Amd R5 7520u 8gb 256gb Ssd W11 Pro Preto,2Eletro,4.3,7.0,4110.0,2999.0,https://lista.mercadolivre.com.br/notebooks,2025-08-18 14:47:16.743024
Notebook Lenovo Ideapad 1 15amn7 Amd Ryzen 5 7520u 8gb 512gb Ssd Windows 11 15.6 - 82x5000nbr Cloud Grey,Lenovo,4.8,6.0,2899.0,2554.0,https://lista.mercadolivre.com.br/notebooks,2025-08-18 14:47:16.743024
Notebook Lenovo Ideapad Slim 3 Intel Core I5 8gb 512gb Linux,Lenovo,5.0,82.0,3199.0,2964.0,https://lista.mercadolivre.com.br/notebooks,2025-08-18 14:47:16.743024
"Notebook Vaio Fe16 Amd Ryzen 5-5625u Windows 11 Home 12gb RAM 512gb Ssd Wi-fi 6 Tela 16"" Ips Wuxga Antirreflexo - Cinza Grafite Vjfe69f11x-b1221h - Permite upgrade de memória RAM e SSD",NegociuN,5.0,29.0,4446.0,3424.0,https://lista.mercadolivre.com.br/notebooks,2025-08-18 14:47:16.743024
Notebook Lenovo LOQ-e 15iax9e Intel Core i5-12450hx 16gb 512gb Ssd Rtx 3050 Linux 15.6 - 83mes00000 Luna Grey,Lenovo,4.9,139.0,5099.0,4474.0,https://lista.mercadolivre.com.br/notebooks,2025-08-18 14:47:16.743024
Notebook HP 256R G9 Intel Core i5-1334U 15.6 HD Intel UHD 256GB SSD 16GB RAM Windows 11 Home 64 PLS SL - BQ9L2AT#AK4,HP,5.0,2.0,4754.0,3324.0,https://lista.mercadolivre.com.br/notebooks,2025-08-18 14:47:16.743024
Notebook Dell Inspiron I15-i120k-a35p I5 16gb 1tb 15.6 W11,Dell,4.8,2321.0,4399.0,4105.0,https://lista.mercadolivre.com.br/notebooks,2025-08-18 14:47:16.743024
Notebook Lenovo Ideapad Slim 3 Intel Core I5 16gb 512gb W11,Lenovo,4.7,28.0,3799.0,3519.0,https://lista.mercadolivre.com.br/notebooks,2025-08-18 14:47:16.743024
"Notebook Vaio fe16 amd ryzen 5-5625u linux 12gb 512gb ssd tela 16"" ips wuxga antirreflexo cinza grafite vjfe69f11x-b1211h memória expansível até 64gb",Eshop,4.8,45.0,3849.0,3069.0,https://lista.mercadolivre.com.br/notebooks,2025-08-18 14:47:16.743024
Notebook Asus Vivobook 16 Intel Core I7 1355U 16GB RAM 1TB SSD Windows 11 Home Tela 16 Fhd Cool Silver – X1605VA-MB764W,Mercado Livre,4.8,173.0,5199.0,4919.0,https://lista.mercadolivre.com.br/notebooks,2025-08-18 14:47:16.743024
"Notebook Positivo Vision I15 Intel Core I3-N300 8GB 256GB SSD Windows 11 Home 15"" FHD Preto - Lumina Bar",NegociuN,4.7,233.0,3104.0,2519.0,https://lista.mercadolivre.com.br/notebooks,2025-08-18 14:47:16.743024
"Notebook Asus Vivobook Go 15 E1504fa Amd Ryzen 5 7520u 4gb Ram 256gb Ssd Linux Keepos Tela 15,6 Fhd Black - Nj1287",Asus,4.7,154.0,2199.0,1820.0,https://lista.mercadolivre.com.br/notebooks,2025-08-18 14:47:16.743024
"Notebook TUF Gaming F16, Intel Core i7 13a geração, NVIDIA RTX™ 4050, 8GB, 512GB SSD, KeepOS, 16"" LED FHD+, Mecha Gray ASUS",Mercado Livre,5.0,2.0,9499.0,7299.0,https://lista.mercadolivre.com.br/notebooks,2025-08-18 14:47:16.743024
Notebook Lenovo Lenovo V14 Amd Ryzen 3 8gb 256gb W11pro,Lenovo,5.0,1.0,3099.0,2729.0,https://lista.mercadolivre.com.br/notebooks,2025-08-18 14:47:16.743024
"Notebook Vaio Fe16 Amd Ryzen 7-5825u Linux 32gb RAM 512gb Ssd Wi-Fi 6 Tela 16"" Ips Wuxga Antirreflexo - Cinza Grafite - Vjfe69f11xb0221h - - Permite upgrade de memória RAM e SSD",Vaio,4.8,66.0,5099.0,3999.0,https://lista.mercadolivre.com.br/notebooks,2025-08-18 14:47:16.743024
"Notebook Inspiron I16-U7155H-A10 16"" prateado 16GB de Ram - 1TB SSD - Intel Core Ultra 7",Dell,5.0,4.0,10399.0,9702.0,https://lista.mercadolivre.com.br/notebooks,2025-08-18 14:47:16.743024
Notebook Acer Aspire 15 555Q Intel Ci5 13gen 8gb 256ssd W11,Mercado Livre,4.8,645.0,4372.0,2699.0,https://lista.mercadolivre.com.br/notebooks,2025-08-18 14:47:16.743024
Notebook Dell 15.6  Fhd Intel I7 16gb 512gb Ssd Preto,Dell,4.8,47.0,4739.0,4399.0,https://lista.mercadolivre.com.br/notebooks,2025-08-18 14:47:16.743024
Notebook Positivo Vision C14 Lumina Bar Celeron 8gb 256gb Emmc Tela 14 Polegadas Hd Antirreflexo Linux Tecla Link - Cinza,Positivo,4.5,559.0,2099.0,1399.0,https://lista.mercadolivre.com.br/notebooks,2025-08-18 14:47:16.743024
"Notebook Positivo Vision C15 Lumina Bar Celeron, 8gb 256gb Emmc, Tela 15 Polegadas Hd Antirreflexo, Linux, Tecla Link, Cinza",Positivo,4.7,230.0,2199.0,1499.0,https://lista.mercadolivre.com.br/notebooks,2025-08-18 14:47:16.743024
Notebook HP 256R G9 Intel Core i5-1334U 15.6 HD Intel UHD 256GB SSD 16GB RAM Windows 11 Home 64 PLS SL - BQ9L2AT#AK4,HP,5.0,2.0,4754.0,3324.0,https://lista.mercadolivre.com.br/notebooks,2025-08-18 14:47:16.743024
"Notebook Vaio Fe16 Amd Ryzen 7-5825u Linux 16gb RAM 512gb Ssd Wi-Fi 6 Tela 16"" Ips Wuxga Antirreflexo Cinza Grafite Vjfe69f11xb0121h - Permite upgrade de memória RAM e SSD",Vaio,4.8,134.0,4799.0,3449.0,https://lista.mercadolivre.com.br/notebooks,2025-08-18 14:47:16.743024
"Notebook Lenovo IdeaPad Slim 3 15IRH10 Intel Core i5-13420H 8GB 512GB SSD Windows 11 15.3"" - 83NS0002BR Luna Grey",NegociuN,5.0,2.0,4089.0000000000005,3329.0,https://lista.mercadolivre.com.br/notebooks,2025-08-18 14:47:16.743024
"Notebook Positivo Vision R15 Lumina Bar, Amd Ryzen 7 16gb 512gb, Tela 15 Polegadas Full Hd Antirreflexo, Linux - Preto",Positivo,4.6,57.0,3899.0,2699.0,https://lista.mercadolivre.com.br/notebooks,2025-08-18 14:47:16.743024
"Notebook Gamer Acer Nitro V15 I7-13620h 13ªGen 8gb 512gb Rtx3050 6gb Linux 15.6"" FHD Preto - Anv15-51-7837",2Eletro,4.4,42.0,6998.0,4899.0,https://lista.mercadolivre.com.br/notebooks,2025-08-18 14:47:16.743024
Notebook Lenovo V14 Amd R5 7520u 8gb 256gb Ssd W11 Pro Preto,2Eletro,4.3,7.0,4110.0,2999.0,https://lista.mercadolivre.com.br/notebooks,2025-08-18 14:47:16.743024
Notebook Hp 250r G9 Intel Core I5 1335u 8gb 256gb Ssd 15.6 W11 Pro Ay6w3la,2Eletro,4.2,22.0,4999.0,2999.0,https://lista.mercadolivre.com.br/notebooks,2025-08-18 14:47:16.743024
Notebook Asus Tuf Gaming F16 Fx608jhr Nvidia Rtx 5050 Intel Core I7 14650hx 16gb Ram 512gb Ssd Windows 11 Home Tela 16 165hz Nível Ips Cinza - Rv016w,Asus,4.8,13.0,10999.0,8970.0,https://lista.mercadolivre.com.br/notebooks,2025-08-18 14:47:16.743024
Notebook Acer Nitro V15 ANV15-51-58AZ Core I5-13420h 8gb 512gb Rtx 3050 Cor Preto,Mercado Livre,4.8,1476.0,7398.0,4699.0,https://lista.mercadolivre.com.br/notebooks,2025-08-18 14:47:16.743024
"Notebook ASUS Vivobook 15 M1502YA AMD Ryzen 7 5825U 16GB Ram 512GB SSD Linux KeepOS 15,6"" FHD Cool Silver - NJ612",Asus,5.0,6.0,3899.0,2963.0,https://lista.mercadolivre.com.br/notebooks,2025-08-18 14:47:16.743024
"Notebook ASUS Vivobook 15 X1504VA Intel Core i5 1334U 16Gb Ram 1TB SSD Linux KeepOS Intel Iris Xe Tela 15,6"" LED FHD Silver NJ2247",Asus,4.5,15.0,3799.0,3247.0,https://lista.mercadolivre.com.br/notebooks,2025-08-18 14:47:16.743024
Notebook Acer Aspire 5 A15-51M-54E6 / Intel Core™ i5-13420H de 13ª Geração / 8GB / 512SSD / Windows 11 Home / 15.6” Full HD,TCN,4.8,553.0,4202.0,3298.0,https://lista.mercadolivre.com.br/notebooks,2025-08-18 14:47:16.743024
Notebook Asus Vivobook 15 M1502ya Amd Ryzen 7 5825u 16gb Ram 512gb Ssd Windows 11 Home Tela 15.6 Led Fhd Silver - Nj655w,Asus,4.8,31.0,4499.0,3906.0,https://lista.mercadolivre.com.br/notebooks,2025-08-18 14:47:16.743024
Notebook Lenovo V14 Amd R5 7520u 8gb 256gb Ssd W11 Pro Preto,2Eletro,4.3,7.0,4110.0,2999.0,https://lista.mercadolivre.com.br/notebooks,2025-08-18 14:47:16.743024
"Notebook ASUS TUF Gaming F15 Intel Core i7 13620H RTX4060 16GB RAM 512GB SSD Windows 11 Home Tela 165Hz Nivel IPS 15,6"" FHD Mecha Gray - FX507VV-HQ333W",Mercado Livre,4.8,27.0,11499.0,9889.0,https://lista.mercadolivre.com.br/notebooks,2025-08-18 14:47:16.743024
Notebook Dell 15.6  Fhd Intel I7 16gb 512gb Ssd Preto,Dell,4.8,47.0,4739.0,4399.0,https://lista.mercadolivre.com.br/notebooks,2025-08-18 14:47:16.743024
Notebook Positivo Vision C14 Lumina Bar Celeron 8gb 256gb Emmc Tela 14 Polegadas Hd Antirreflexo Linux Tecla Link - Cinza,Positivo,4.5,559.0,2099.0,1399.0,https://lista.mercadolivre.com.br/notebooks,2025-08-18 14:47:16.743024
"Notebook Positivo Vision C15 Lumina Bar Celeron, 8gb 256gb Emmc, Tela 15 Polegadas Hd Antirreflexo, Linux, Tecla Link, Cinza",Positivo,4.7,230.0,2199.0,1499.0,https://lista.mercadolivre.com.br/notebooks,2025-08-18 14:47:16.743024
"Notebook ASUS Vivobook 15, Intel Core i5 12a geração, 8GB, 256GB SSD, 15,6"" LED FHD, Quiet Blue",Mercado Livre,5.0,7.0,3249.0,2767.0,https://lista.mercadolivre.com.br/notebooks,2025-08-18 14:47:16.743024
Notebook HP 256R G9 Intel Core i5-1334U 15.6 HD Intel UHD 256GB SSD 16GB RAM Windows 11 Home 64 PLS SL - BQ9L2AT#AK4,HP,5.0,2.0,4754.0,3324.0,https://lista.mercadolivre.com.br/notebooks,2025-08-18 14:47:16.743024
"Notebook Vaio Fe16 Amd Ryzen 7-5825u Linux 16gb RAM 512gb Ssd Wi-Fi 6 Tela 16"" Ips Wuxga Antirreflexo Cinza Grafite Vjfe69f11xb0121h - Permite upgrade de memória RAM e SSD",Vaio,4.8,134.0,4799.0,3449.0,https://lista.mercadolivre.com.br/notebooks,2025-08-18 14:47:16.743024
"Notebook Lenovo IdeaPad Slim 3 15IRH10 Intel Core i5-13420H 8GB 512GB SSD Windows 11 15.3"" - 83NS0002BR Luna Grey",NegociuN,5.0,2.0,4089.0000000000005,3329.0,https://lista.mercadolivre.com.br/notebooks,2025-08-18 14:47:16.743024
Notebook Dell 15.6  Fhd Intel I7 16gb 512gb Ssd Preto,Dell,4.8,47.0,4739.0,4399.0,https://lista.mercadolivre.com.br/notebooks,2025-08-18 14:47:16.743024
Notebook Lenovo Ideapad 1 R3-7320U 4GB de RAM 256GB SSD W11 Home 15.6 82x5000ebr,Miranda,4.8,1195.0,2606.0,2241.0,https://lista.mercadolivre.com.br/notebooks,2025-08-18 14:47:16.743024
"Notebook Positivo Vision R15 Lumina Bar, Amd Ryzen 7 16gb 512gb, Tela 15 Polegadas Full Hd Antirreflexo, Linux - Preto",Positivo,4.6,57.0,3899.0,2699.0,https://lista.mercadolivre.com.br/notebooks,2025-08-18 14:47:16.743024
"Notebook Gamer Acer Nitro V15 I7-13620h 13ªGen 8gb 512gb Rtx3050 6gb Linux 15.6"" FHD Preto - Anv15-51-7837",2Eletro,4.4,42.0,6998.0,4899.0,https://lista.mercadolivre.com.br/notebooks,2025-08-18 14:47:16.743024
Notebook Lenovo V14 Amd R5 7520u 8gb 256gb Ssd W11 Pro Preto,2Eletro,4.3,7.0,4110.0,2999.0,https://lista.mercadolivre.com.br/notebooks,2025-08-18 14:47:16.743024
Notebook Lenovo V14 G4 Amd Ryzen 5 7520u 8gb 256gb Dos 14,Lenovo,4.1,7.0,2599.0,2289.0,https://lista.mercadolivre.com.br/notebooks,2025-08-18 14:47:16.743024
"Notebook Acer Aspire 5 Intel Core I5 - 12450H 8GB RAM 256GB SSD Windows 11 Home Tela 15,6"" Full HD A515-57-55B8 Bivolt",EFACIL,4.8,8130.0,3408.0,3086.0,https://lista.mercadolivre.com.br/notebooks,2025-08-18 14:47:16.743024
Notebook Lenovo Ideapad 1 Intel Core I3 8gb 512gb W11 15.6,Lenovo,5.0,1.0,2999.0,2629.0,https://lista.mercadolivre.com.br/notebooks,2025-08-18 14:47:16.743024
Notebook Asus Tuf Gaming F16 Fx607vj Nvidia Rtx 3050 Intel Core 5 210h 16gb Ram 512gb Ssd Windows 11 Home Tela 16 Nível Ips 144hz Cinza - Rl007w,NVIDIA,5.0,6.0,7299.0,5552.0,https://lista.mercadolivre.com.br/notebooks,2025-08-18 14:47:16.743024
Notebook Positivo Vision C14 Intel® Celeron® Linux 4GB 128GB eMMC 14” HD Lumina BAR – Cinza,Positivo,4.6,4697.0,1849.0,1199.0,https://lista.mercadolivre.com.br/notebooks,2025-08-18 14:47:16.743024
"Notebook Asus Vivobook Go E1504GA Intel Core I3 N305 4Gb Ram 256Gb Ssd Linux Keepos Tela 15,6 Fhd Silver - Nj447",Asus,4.7,581.0,2399.0,1985.0,https://lista.mercadolivre.com.br/notebooks,2025-08-18 14:47:16.743024
"Notebook Positivo Vision R15 Lumina Bar, Amd Ryzen 7 32gb 512gb, Tela 15 Polegadas Full Hd Antirreflexo, Linux - Preto",Positivo,4.6,56.0,4299.0,3299.0,https://lista.mercadolivre.com.br/notebooks,2025-08-18 14:47:16.743024
"Notebook Positivo Vision R15 Lumina Bar, Amd Ryzen 7 8gb 512gb, Tela 15 Polegadas Full Hd Antirreflexo, Linux - Preto",Positivo,4.8,10.0,3599.0,2599.0,https://lista.mercadolivre.com.br/notebooks,2025-08-18 14:47:16.743024
Notebook Dell 15.6  Fhd Intel I7 16gb 512gb Ssd Preto,Dell,4.8,47.0,4739.0,4399.0,https://lista.mercadolivre.com.br/notebooks,2025-08-18 14:47:16.743024
Notebook Positivo Vision C14 Lumina Bar Celeron 8gb 256gb Emmc Tela 14 Polegadas Hd Antirreflexo Linux Tecla Link - Cinza,Positivo,4.5,559.0,2099.0,1399.0,https://lista.mercadolivre.com.br/notebooks,2025-08-18 14:47:16.743024
"Notebook Positivo Vision C15 Lumina Bar Celeron, 8gb 256gb Emmc, Tela 15 Polegadas Hd Antirreflexo, Linux, Tecla Link, Cinza",Positivo,4.7,230.0,2199.0,1499.0,https://lista.mercadolivre.com.br/notebooks,2025-08-18 14:47:16.743024
"Notebook Positivo Vision R15 Lumina Bar, Amd Ryzen 7 8gb 512gb, Tela 15 Polegadas Full Hd Antirreflexo, Linux - Preto",Positivo,4.8,10.0,3599.0,2599.0,https://lista.mercadolivre.com.br/notebooks,2025-08-18 14:47:16.743024
"Notebook Asus Vivobook 15 M1502ya Amd Ryzen 7 5825u 8gb Ram 512gb Ssd Linux Keepos 15,6 Fhd Cool Silver - Nj611",Asus,5.0,12.0,3499.0,2554.0,https://lista.mercadolivre.com.br/notebooks,2025-08-18 14:47:16.743024
Notebook HP 256R G9 Intel Core i5-1334U 15.6 HD Intel UHD 256GB SSD 16GB RAM Windows 11 Home 64 PLS SL - BQ9L2AT#AK4,HP,5.0,2.0,4754.0,3324.0,https://lista.mercadolivre.com.br/notebooks,2025-08-18 14:47:16.743024
"Notebook Vaio Fe16 Amd Ryzen 7-5825u Linux 16gb RAM 512gb Ssd Wi-Fi 6 Tela 16"" Ips Wuxga Antirreflexo Cinza Grafite Vjfe69f11xb0121h - Permite upgrade de memória RAM e SSD",Vaio,4.8,134.0,4799.0,3449.0,https://lista.mercadolivre.com.br/notebooks,2025-08-18 14:47:16.743024
"Notebook Lenovo IdeaPad Slim 3 15IRH10 Intel Core i5-13420H 8GB 512GB SSD Windows 11 15.3"" - 83NS0002BR Luna Grey",NegociuN,5.0,2.0,4089.0000000000005,3329.0,https://lista.mercadolivre.com.br/notebooks,2025-08-18 14:47:16.743024
Notebook Asus Zenbook S14 Core Ultra7 258v 32gb 1tb Ssd W11,Asus,5.0,2.0,13999.0,9353.0,https://lista.mercadolivre.com.br/notebooks,2025-08-18 14:47:16.743024
Notebook Lenovo Thinkpad T480 14  I5 8ª 8gb Ssd 256gb Preto (Recondicionado),Micro Livre,4.7,94.0,1799.0,1673.0,https://lista.mercadolivre.com.br/notebooks,2025-08-18 14:47:16.743024
"Notebook Positivo Vision R15 Lumina Bar, Amd Ryzen 7 16gb 512gb, Tela 15 Polegadas Full Hd Antirreflexo, Linux - Preto",Positivo,4.6,57.0,3899.0,2699.0,https://lista.mercadolivre.com.br/notebooks,2025-08-18 14:47:16.743024
"Notebook Gamer Acer Nitro V15 I7-13620h 13ªGen 8gb 512gb Rtx3050 6gb Linux 15.6"" FHD Preto - Anv15-51-7837",2Eletro,4.4,42.0,6998.0,4899.0,https://lista.mercadolivre.com.br/notebooks,2025-08-18 14:47:16.743024
Notebook Lenovo V14 Amd R5 7520u 8gb 256gb Ssd W11 Pro Preto,2Eletro,4.3,7.0,4110.0,2999.0,https://lista.mercadolivre.com.br/notebooks,2025-08-18 14:47:16.743024
Notebook Asus Vivobook 16 X1605va Intel Core I7 1355u 8gb Ram 512gb Ssd Linux Keepos Tela 16 Ips Fhd Silver - Mb742,Asus,4.9,87.0,4199.0,3505.0,https://lista.mercadolivre.com.br/notebooks,2025-08-18 14:47:16.743024
"Notebook Positivo Vision R15 Lumina Bar, Amd Ryzen 7 16gb 512gb, Tela 15 Polegadas Full Hd Antirreflexo, Linux - Preto",Positivo,4.6,57.0,3899.0,2699.0,https://lista.mercadolivre.com.br/notebooks,2025-08-18 14:47:16.743024
"Notebook Samsung Galaxy Book4 Intel® Core™ i5-1335U (1.3 Ghz, até 4.6GHz, 12 MB L3 Cache), Windows 11 Home, 16GB, 512GB SSD, Iris Xe, 15.6'' Full HD LED, 1.55kg",Samsung,4.9,2079.0,4499.0,4274.0,https://lista.mercadolivre.com.br/notebooks,2025-08-18 14:47:16.743024
"Notebook Samsung Galaxy Book4 Pro, Windows 11 Home, Intel® Core™ Ultra 5 125H, 16GB, 512GB SSD, 14'' Full HD AMOLED, Touchscreen, 1.23 kg",Samsung,4.8,69.0,6999.0,6269.0,https://lista.mercadolivre.com.br/notebooks,2025-08-18 14:47:16.743024
Notebook Dell 15.6  Fhd Intel I7 16gb 512gb Ssd Preto,Dell,4.8,47.0,4739.0,4399.0,https://lista.mercadolivre.com.br/notebooks,2025-08-18 14:47:16.743024
Notebook HP 256R G9 Intel Core i5-1334U 15.6 HD Intel UHD 256GB SSD 16GB RAM Windows 11 Home 64 PLS SL - BQ9L2AT#AK4,HP,5.0,2.0,4754.0,3324.0,https://lista.mercadolivre.com.br/notebooks,2025-08-18 14:47:16.743024
Notebook Positivo Vision C14 Lumina Bar Celeron 8gb 256gb Emmc Tela 14 Polegadas Hd Antirreflexo Linux Tecla Link - Cinza,Positivo,4.5,559.0,2099.0,1399.0,https://lista.mercadolivre.com.br/notebooks,2025-08-18 14:47:16.743024
"Notebook Samsung Galaxy Book4 Pro, Windows 11 Home, Intel® Core™ Ultra 5 125H, 16GB, 512GB SSD, 14'' Full HD AMOLED, Touchscreen, 1.23 kg",Samsung,4.8,69.0,6999.0,6269.0,https://lista.mercadolivre.com.br/notebooks,2025-08-18 14:47:16.743024
"Notebook Positivo Vision R15 Lumina Bar, Amd Ryzen 7 16gb 512gb, Tela 15 Polegadas Full Hd Antirreflexo, Linux - Preto",Positivo,4.6,57.0,3899.0,2699.0,https://lista.mercadolivre.com.br/notebooks,2025-08-18 14:47:16.743024
"Notebook Gamer Acer Nitro V15 I7-13620h 13ªGen 8gb 512gb Rtx3050 6gb Linux 15.6"" FHD Preto - Anv15-51-7837",2Eletro,4.4,42.0,6998.0,4899.0,https://lista.mercadolivre.com.br/notebooks,2025-08-18 14:47:16.743024
"Notebook Lenovo IdeaPad Slim 3 15IRH10 Intel Core i5-13420H 8GB 512GB SSD Windows 11 15.3"" - 83NS0002BR Luna Grey",NegociuN,5.0,2.0,4089.0000000000005,3329.0,https://lista.mercadolivre.com.br/notebooks,2025-08-18 14:47:16.743024
Notebook Lenovo V15 G4 Iru Intel Core I3 8gb 256gb W11 15.6,Lenovo,3.8,5.0,2999.0,2629.0,https://lista.mercadolivre.com.br/notebooks,2025-08-18 14:47:16.743024
"Notebook Positivo Vision C15 Lumina Bar Celeron, 8gb 256gb Emmc, Tela 15 Polegadas Hd Antirreflexo, Linux, Tecla Link, Cinza",Positivo,4.7,230.0,2199.0,1499.0,https://lista.mercadolivre.com.br/notebooks,2025-08-18 14:47:16.743024
"Notebook Vaio Fe16 Amd Ryzen 7-5825u Linux 16gb RAM 512gb Ssd Wi-Fi 6 Tela 16"" Ips Wuxga Antirreflexo Cinza Grafite Vjfe69f11xb0121h - Permite upgrade de memória RAM e SSD",Vaio,4.8,134.0,4799.0,3449.0,https://lista.mercadolivre.com.br/notebooks,2025-08-18 14:47:16.743024
"Notebook Lenovo IdeaPad Slim 3 15IRH10 Intel Core i5-13420H 8GB 512GB SSD Windows 11 15.3"" - 83NS0002BR Luna Grey",NegociuN,5.0,2.0,4089.0000000000005,3329.0,https://lista.mercadolivre.com.br/notebooks,2025-08-18 14:47:16.743024
Notebook Lenovo Lenovo V14 G4 Amd Ryzen 5 8gb 256gb Linux,Lenovo,5.0,1.0,2699.0,2379.0,https://lista.mercadolivre.com.br/notebooks,2025-08-18 14:47:16.743024
"Notebook Samsung Galaxy Book4, Windows 11 Home, Intel® Core I7, 16gb, 512gb Ssd, 15.6'' Full Hd Led, 1.55 Kg - Grafite",Samsung,4.9,441.0,5699.0,5414.0,https://lista.mercadolivre.com.br/notebooks,2025-08-18 14:47:16.743024
Notebook Lenovo ThinkBook 14 G6 Intel Core i5-13420H 16GB 512GB SSD Windows 11 - 21NQ000PBR Arctic Grey,Lenovo,5.0,7.0,4999.0,4384.0,https://lista.mercadolivre.com.br/notebooks,2025-08-18 14:47:16.743024
Notebook Asus Vivobook 16 X1607qa Qualcomm Snapdragon X1 26 100 16gb Ram 512gb Ssd Windows 11 Home Tela 16 Fhd Silver - Mb062w,Asus,5.0,3.0,5299.0,4151.0,https://lista.mercadolivre.com.br/notebooks,2025-08-18 14:47:16.743024
Notebook Dell 15.6  Fhd Intel I7 16gb 512gb Ssd Preto,Dell,4.8,47.0,4739.0,4399.0,https://lista.mercadolivre.com.br/notebooks,2025-08-18 14:47:16.743024
Notebook Positivo Vision C14 Lumina Bar Celeron 8gb 256gb Emmc Tela 14 Polegadas Hd Antirreflexo Linux Tecla Link - Cinza,Positivo,4.5,559.0,2099.0,1399.0,https://lista.mercadolivre.com.br/notebooks,2025-08-18 14:47:16.743024
"Notebook Positivo Vision C15 Lumina Bar Celeron, 8gb 256gb Emmc, Tela 15 Polegadas Hd Antirreflexo, Linux, Tecla Link, Cinza",Positivo,4.7,230.0,2199.0,1499.0,https://lista.mercadolivre.com.br/notebooks,2025-08-18 14:47:16.743024
Notebook HP 256R G9 Intel Core i5-1334U 15.6 HD Intel UHD 256GB SSD 16GB RAM Windows 11 Home 64 PLS SL - BQ9L2AT#AK4,HP,5.0,2.0,4754.0,3324.0,https://lista.mercadolivre.com.br/notebooks,2025-08-18 14:47:16.743024
"Notebook Vaio Fe16 Amd Ryzen 7-5825u Linux 16gb RAM 512gb Ssd Wi-Fi 6 Tela 16"" Ips Wuxga Antirreflexo Cinza Grafite Vjfe69f11xb0121h - Permite upgrade de memória RAM e SSD",Vaio,4.8,134.0,4799.0,3449.0,https://lista.mercadolivre.com.br/notebooks,2025-08-18 14:47:16.743024
"Notebook Lenovo IdeaPad Slim 3 15IRH10 Intel Core i5-13420H 8GB 512GB SSD Windows 11 15.3"" - 83NS0002BR Luna Grey",NegociuN,5.0,2.0,4089.0000000000005,3329.0,https://lista.mercadolivre.com.br/notebooks,2025-08-18 14:47:16.743024
"Notebook Positivo Vision R15 Lumina Bar, Amd Ryzen 7 16gb 512gb, Tela 15 Polegadas Full Hd Antirreflexo, Linux - Preto",Positivo,4.6,57.0,3899.0,2699.0,https://lista.mercadolivre.com.br/notebooks,2025-08-18 14:47:16.743024
"Notebook Gamer Acer Nitro V15 I7-13620h 13ªGen 8gb 512gb Rtx3050 6gb Linux 15.6"" FHD Preto - Anv15-51-7837",2Eletro,4.4,42.0,6998.0,4899.0,https://lista.mercadolivre.com.br/notebooks,2025-08-18 14:47:16.743024
Notebook Lenovo V14 Amd R5 7520u 8gb 256gb Ssd W11 Pro Preto,2Eletro,4.3,7.0,4110.0,2999.0,https://lista.mercadolivre.com.br/notebooks,2025-08-18 14:47:16.743024
Notebook Dell Inspiron i15-i1300-M30P 15.6 Full HD de 13ª geração 8GB de RAM 512GB SSD cor Preto,Dell,4.9,45.0,3479.0,3199.0,https://lista.mercadolivre.com.br/notebooks,2025-08-18 14:47:16.743024
Notebook Dell Inspiron I15-i1300-m60p 15.6  Full Hd 13ª Gen  Preto,Dell,5.0,31.0,4729.0,4399.0,https://lista.mercadolivre.com.br/notebooks,2025-08-18 14:47:16.743024
Notebook 2 Em 1 Dell Inspiron 2in1-i150u-m50 14  Fhd+ Touch  Prata Gelo,Dell,4.9,16.0,7019.0,6499.0,https://lista.mercadolivre.com.br/notebooks,2025-08-18 14:47:16.743024
"Notebook Asus Vivobook Go 15 E1504ga Intel Core I3 N305 4gb Ram 128gb Ssd Windows 11 Tela 15,6 Fhd Silver - Nj440w",Asus,4.7,346.0,2599.0,2235.0,https://lista.mercadolivre.com.br/notebooks,2025-08-18 14:47:16.743024
Notebook Asus Zenbook 14 Oled Ux3405ma Intel Core Ultra 9 185h Ai 32gb Ram 1tb Ssd Windows 11 Home Tela 14 Blue - Pp809w,Asus,4.4,16.0,11499.0,8836.0,https://lista.mercadolivre.com.br/notebooks,2025-08-18 14:47:16.743024
"Notebook Samsung Galaxy Book4, Windows 11 Home, Intel® Core 7, 16gb, 512gb Ssd, Nvidia® Geforce® Mx570, 15.6' Full Hd Led, Fingerprint - Grafite",Samsung,4.9,160.0,6499.0,6174.0,https://lista.mercadolivre.com.br/notebooks,2025-08-18 14:47:16.743024
"Samsung Galaxy Chromebook Go Intel Celeron N4500, 4gb, 32gb Cor Cinza",zShops,4.6,141.0,1999.0,1669.0,https://lista.mercadolivre.com.br/notebooks,2025-08-18 14:47:16.743024
Notebook Gamer Lenovo Loq-e Ci5-12450 Rtx3050 512gb 16gb W11 Luna Grey,Mobcom,4.9,87.0,5590.0,4799.0,https://lista.mercadolivre.com.br/notebooks,2025-08-18 14:47:16.743024
Notebook Acer Aspire 3 A315-510P-35D2 Intel Core i3 N305 ‎Intel UHD Graphics 8GB RAM 512GB SSD 15.6” LED FULL HD Windows 11,Mobcom,3.8,4.0,3999.0,2899.0,https://lista.mercadolivre.com.br/notebooks,2025-08-18 14:47:16.743024
"Notebook Positivo Vision R15 Lumina Bar, Amd Ryzen 5 16gb 512gb, Tela 15 Polegadas Full Hd Antirreflexo, Windows 11 Home Tecla Copilot - Preto",Positivo,4.6,46.0,4099.0,2999.0,https://lista.mercadolivre.com.br/notebooks,2025-08-18 14:47:16.743024
Notebook Lenovo V15 G4 Iru Intel Core I5 8gb 256gb W11 15.6,Lenovo,3.8,5.0,3849.0,3374.0,https://lista.mercadolivre.com.br/notebooks,2025-08-18 14:47:16.743024
"Notebook ASUS Vivobook Go 15 E1504GA Intel Core i3 N305 8GB Ram 256GB SSD Windows 11 Home Tela 15,6"" FHD Silver - NJ434W",Asus,4.7,62.0,2999.0,2562.0,https://lista.mercadolivre.com.br/notebooks,2025-08-18 14:47:16.743024
Notebook Dell 15.6  Fhd Intel I7 16gb 512gb Ssd Preto,Dell,4.8,47.0,4739.0,4399.0,https://lista.mercadolivre.com.br/notebooks,2025-08-18 14:47:16.743024
Notebook Positivo Vision C14 Lumina Bar Celeron 8gb 256gb Emmc Tela 14 Polegadas Hd Antirreflexo Linux Tecla Link - Cinza,Positivo,4.5,559.0,2099.0,1399.0,https://lista.mercadolivre.com.br/notebooks,2025-08-18 14:47:16.743024
"Notebook Positivo Vision C15 Lumina Bar Celeron, 8gb 256gb Emmc, Tela 15 Polegadas Hd Antirreflexo, Linux, Tecla Link, Cinza",Positivo,4.7,230.0,2199.0,1499.0,https://lista.mercadolivre.com.br/notebooks,2025-08-18 14:47:16.743024
"Notebook ASUS Vivobook Go 15 E1504GA Intel Core i3 N305 8GB Ram 256GB SSD Windows 11 Home Tela 15,6"" FHD Silver - NJ434W",Asus,4.7,62.0,2999.0,2562.0,https://lista.mercadolivre.com.br/notebooks,2025-08-18 14:47:16.743024
Notebook HP 256R G9 Intel Core i5-1334U 15.6 HD Intel UHD 256GB SSD 16GB RAM Windows 11 Home 64 PLS SL - BQ9L2AT#AK4,HP,5.0,2.0,4754.0,3324.0,https://lista.mercadolivre.com.br/notebooks,2025-08-18 14:47:16.743024
"Notebook Vaio Fe16 Amd Ryzen 7-5825u Linux 16gb RAM 512gb Ssd Wi-Fi 6 Tela 16"" Ips Wuxga Antirreflexo Cinza Grafite Vjfe69f11xb0121h - Permite upgrade de memória RAM e SSD",Vaio,4.8,134.0,4799.0,3449.0,https://lista.mercadolivre.com.br/notebooks,2025-08-18 14:47:16.743024
"Notebook Lenovo IdeaPad Slim 3 15IRH10 Intel Core i5-13420H 8GB 512GB SSD Windows 11 15.3"" - 83NS0002BR Luna Grey",NegociuN,5.0,2.0,4089.0000000000005,3329.0,https://lista.mercadolivre.com.br/notebooks,2025-08-18 14:47:16.743024
Notebook Dell Inspiron I15-i120k-a10p 15.6 I3 8gb 256gb W11,Dell,4.8,1251.0,3149.0,2950.0,https://lista.mercadolivre.com.br/notebooks,2025-08-18 14:47:16.743024
"Notebook Positivo Vision R15 Lumina Bar, Amd Ryzen 7 16gb 512gb, Tela 15 Polegadas Full Hd Antirreflexo, Linux - Preto",Positivo,4.6,57.0,3899.0,2699.0,https://lista.mercadolivre.com.br/notebooks,2025-08-18 14:47:16.743024
"Notebook Gamer Acer Nitro V15 I7-13620h 13ªGen 8gb 512gb Rtx3050 6gb Linux 15.6"" FHD Preto - Anv15-51-7837",2Eletro,4.4,42.0,6998.0,4899.0,https://lista.mercadolivre.com.br/notebooks,2025-08-18 14:47:16.743024
Notebook Lenovo V14 Amd R5 7520u 8gb 256gb Ssd W11 Pro Preto,2Eletro,4.3,7.0,4110.0,2999.0,https://lista.mercadolivre.com.br/notebooks,2025-08-18 14:47:16.743024
"Notebook Vaio Fe16 Amd Ryzen 5-5625u Linux 16gb RAM 512gb Ssd Wi-Fi 6 Tela 16"" Ips Wuxga Antirreflexo - Cinza Grafite - Vjfe69f11xb0711h - Permite upgrade de memória RAM e SSD",Vaio,5.0,4.0,4359.0,3649.0,https://lista.mercadolivre.com.br/notebooks,2025-08-18 14:47:16.743024
"Notebook Asus Vivobook Go 15 E1504fa Amd Ryzen 3 7320u 4gb Ram 128gb Ssd Linux Keepos Tela 15,6 Fhd Black - Nj1291",Asus,4.7,353.0,1999.0,1672.0,https://lista.mercadolivre.com.br/notebooks,2025-08-18 14:47:16.743024
Notebook Gam Nitro V Anv15-51-54dl I5 8gb 512gb Ssd Rtx4050 Preto,Acer Brasil,4.8,387.0,7299.0,5299.0,https://lista.mercadolivre.com.br/notebooks,2025-08-18 14:47:16.743024
"Notebook ASUS TUF Gaming A15 FA506NFR RTX 2050 AMD Ryzen 7 7435HS 16Gb Ram 512Gb SSD Windows 11 Home Tela 144Hz nivel IPS 15,6"" FHD Graphite Black - HN060W",Asus,4.7,23.0,6199.0,5205.0,https://lista.mercadolivre.com.br/notebooks,2025-08-18 14:47:16.743024
Acer Aspire 5 15.6 Fhd I7-12650h Ssd 256gb 8gb Linux Gutta Cor Gamut,Eshop,4.8,155.0,4899.0,3419.0,https://lista.mercadolivre.com.br/notebooks,2025-08-18 14:47:16.743024
"Notebook Samsung Galaxy Book4 Intel® Core™ i5-1335U, Windows 11 Home, 8GB, 256GB SSD, Iris Xe, 15.6'' Full HD LED, 1.55kg",Samsung,4.9,1432.0,3949.0,3466.0,https://lista.mercadolivre.com.br/notebooks,2025-08-18 14:47:16.743024
Notebook Lenovo ThinkBook 14 G6 Intel Core i5-13420H 8GB 256GB SSD Windows 11 - 21NQ000QBR Arctic Grey,Lenovo,5.0,7.0,4799.0,4209.0,https://lista.mercadolivre.com.br/notebooks,2025-08-18 14:47:16.743024
Notebook Dell 15.6  Fhd Intel I7 16gb 512gb Ssd Preto,Dell,4.8,47.0,4739.0,4399.0,https://lista.mercadolivre.com.br/notebooks,2025-08-18 14:47:16.743024
Notebook Positivo Vision C14 Lumina Bar Celeron 8gb 256gb Emmc Tela 14 Polegadas Hd Antirreflexo Linux Tecla Link - Cinza,Positivo,4.5,559.0,2099.0,1399.0,https://lista.mercadolivre.com.br/notebooks,2025-08-18 14:47:16.743024
"Notebook Positivo Vision C15 Lumina Bar Celeron, 8gb 256gb Emmc, Tela 15 Polegadas Hd Antirreflexo, Linux, Tecla Link, Cinza",Positivo,4.7,230.0,2199.0,1499.0,https://lista.mercadolivre.com.br/notebooks,2025-08-18 14:47:16.743024
Notebook HP 256R G9 Intel Core i5-1334U 15.6 HD Intel UHD 256GB SSD 16GB RAM Windows 11 Home 64 PLS SL - BQ9L2AT#AK4,HP,5.0,2.0,4754.0,3324.0,https://lista.mercadolivre.com.br/notebooks,2025-08-18 14:47:16.743024
"Notebook Vaio Fe16 Amd Ryzen 7-5825u Linux 16gb RAM 512gb Ssd Wi-Fi 6 Tela 16"" Ips Wuxga Antirreflexo Cinza Grafite Vjfe69f11xb0121h - Permite upgrade de memória RAM e SSD",Vaio,4.8,134.0,4799.0,3449.0,https://lista.mercadolivre.com.br/notebooks,2025-08-18 14:47:16.743024
"Notebook Lenovo IdeaPad Slim 3 15IRH10 Intel Core i5-13420H 8GB 512GB SSD Windows 11 15.3"" - 83NS0002BR Luna Grey",NegociuN,5.0,2.0,4089.0000000000005,3329.0,https://lista.mercadolivre.com.br/notebooks,2025-08-18 14:47:16.743024
"Notebook Positivo Vision R15 Lumina Bar, Amd Ryzen 7 16gb 512gb, Tela 15 Polegadas Full Hd Antirreflexo, Linux - Preto",Positivo,4.6,57.0,3899.0,2699.0,https://lista.mercadolivre.com.br/notebooks,2025-08-18 14:47:16.743024
"Notebook Gamer Acer Nitro V15 I7-13620h 13ªGen 8gb 512gb Rtx3050 6gb Linux 15.6"" FHD Preto - Anv15-51-7837",2Eletro,4.4,42.0,6998.0,4899.0,https://lista.mercadolivre.com.br/notebooks,2025-08-18 14:47:16.743024
Notebook Lenovo V14 Amd R5 7520u 8gb 256gb Ssd W11 Pro Preto,2Eletro,4.3,7.0,4110.0,2999.0,https://lista.mercadolivre.com.br/notebooks,2025-08-18 14:47:16.743024
Notebook Lenovo Lenovo V14 Amd Ryzen 5 8gb 256gb W11,Lenovo,5.0,2.0,2899.0,2554.0,https://lista.mercadolivre.com.br/notebooks,2025-08-18 14:47:16.743024
Notebook Dell Inspiron I15-i1300-m30ps 15.6  Full Hd 13ªgen  Preto,Dell,5.0,2.0,3729.0,3449.0,https://lista.mercadolivre.com.br/notebooks,2025-08-18 14:47:16.743024
"Notebook Vaio F14, 13ª Gen Intel Core I7, 16gb 512gb Ssd, 14 Full Hd Antirreflexo, Windows 11 Home, Warm White, Desbloqueio Facial E Por Digital, Teclado Retroiluminado B1011w",Vaio,5.0,5.0,7999.0,6359.0,https://lista.mercadolivre.com.br/notebooks,2025-08-18 14:47:16.743024
"Apple MacBook Air de 13"" Estelar Chip M2 da Apple com CPU de 8 núcleos GPU de 8 núcleos e Neural Engine de 16 núcleos Memória unificada de 16 GB SSD de 256 GB",Apple,5.0,1.0,12499.0,7778.0,https://lista.mercadolivre.com.br/notebooks,2025-08-18 14:47:16.743024
Notebook Lenovo Thinkbook 14 Intel Core I5 16gb 512gb W11,Lenovo,5.0,2.0,4999.0,4629.0,https://lista.mercadolivre.com.br/notebooks,2025-08-18 14:47:16.743024
"Notebook Asus X515ka Intel Celeron Dual Core N4500 4gb Ram 128gb Ssd Windows 11 Home Tela 15,6 Led Cinza - Br329ws",Asus,4.3,4.0,1999.0,1690.0,https://lista.mercadolivre.com.br/notebooks,2025-08-18 14:47:16.743024
Notebook Asus Tuf Gaming F16 Fx607vu Rtx4050 Intel Core 5 210h 16gb Ram 512gb Ssd Windows 11 Tela Nível Ips 16 Led 144hz Gray - Rl053w,Mercado Livre,4.7,13.0,9499.0,7199.0,https://lista.mercadolivre.com.br/notebooks,2025-08-18 14:47:16.743024
Notebook Vaio Fe15 15.6 Fhd I3-1215u 8gb Ssd 256gb W11 Cinza,Mega Mamute,4.8,141.0,4284.0,2999.0,https://lista.mercadolivre.com.br/notebooks,2025-08-18 14:47:16.743024
Notebook Lenovo Yogaslim 7 Intel Core Ultra 7 16gb 512gb W11,Lenovo,5.0,7.0,7099.0,6574.0,https://lista.mercadolivre.com.br/notebooks,2025-08-18 14:47:16.743024
Notebook Lenovo V15 G4 Intel Core I7 16gb 512gb W11pro 15.6,Lenovo,3.8,5.0,5499.0,5099.0,https://lista.mercadolivre.com.br/notebooks,2025-08-18 14:47:16.743024
"Notebook Vaio Fe16 Amd Ryzen 7-5825u Windows 11 Home 32gb RAM 512gb Ssd Wi-Fi 6 Tela 16"" Ips Wuxga Antirreflexo - Cinza Grafite - Vjfe69f11x-b0211h - Permite upgrade de memória RAM e SSD",Vaio,4.7,12.0,5999.0,5199.0,https://lista.mercadolivre.com.br/notebooks,2025-08-18 14:47:16.743024
Notebook Dell 15.6  Fhd Intel I7 16gb 512gb Ssd Preto,Dell,4.8,47.0,4739.0,4399.0,https://lista.mercadolivre.com.br/notebooks,2025-08-18 14:47:16.743024
Notebook Positivo Vision C14 Lumina Bar Celeron 8gb 256gb Emmc Tela 14 Polegadas Hd Antirreflexo Linux Tecla Link - Cinza,Positivo,4.5,559.0,2099.0,1399.0,https://lista.mercadolivre.com.br/notebooks,2025-08-18 14:47:16.743024
"Notebook Positivo Vision C15 Lumina Bar Celeron, 8gb 256gb Emmc, Tela 15 Polegadas Hd Antirreflexo, Linux, Tecla Link, Cinza",Positivo,4.7,230.0,2199.0,1499.0,https://lista.mercadolivre.com.br/notebooks,2025-08-18 14:47:16.743024
"Notebook Lenovo Ideapad 1i Intel I5-1235u 8gb 512gb 15,6 W11 Cinza",2Eletro,4.8,58.0,3999.0,3199.0,https://lista.mercadolivre.com.br/notebooks,2025-08-18 14:47:16.743024
Notebook HP 256R G9 Intel Core i5-1334U 15.6 HD Intel UHD 256GB SSD 16GB RAM Windows 11 Home 64 PLS SL - BQ9L2AT#AK4,HP,5.0,2.0,4754.0,3324.0,https://lista.mercadolivre.com.br/notebooks,2025-08-18 14:47:16.743024
"Notebook Vaio Fe16 Amd Ryzen 7-5825u Linux 16gb RAM 512gb Ssd Wi-Fi 6 Tela 16"" Ips Wuxga Antirreflexo Cinza Grafite Vjfe69f11xb0121h - Permite upgrade de memória RAM e SSD",Vaio,4.8,134.0,4799.0,3449.0,https://lista.mercadolivre.com.br/notebooks,2025-08-18 14:47:16.743024
"Notebook Lenovo IdeaPad Slim 3 15IRH10 Intel Core i5-13420H 8GB 512GB SSD Windows 11 15.3"" - 83NS0002BR Luna Grey",NegociuN,5.0,2.0,4089.0000000000005,3329.0,https://lista.mercadolivre.com.br/notebooks,2025-08-18 14:47:16.743024
"Notebook Positivo Vision R15 Lumina Bar, Amd Ryzen 7 16gb 512gb, Tela 15 Polegadas Full Hd Antirreflexo, Linux - Preto",Positivo,4.6,57.0,3899.0,2699.0,https://lista.mercadolivre.com.br/notebooks,2025-08-18 14:47:16.743024
"Notebook Gamer Acer Nitro V15 I7-13620h 13ªGen 8gb 512gb Rtx3050 6gb Linux 15.6"" FHD Preto - Anv15-51-7837",2Eletro,4.4,42.0,6998.0,4899.0,https://lista.mercadolivre.com.br/notebooks,2025-08-18 14:47:16.743024
Notebook Lenovo V14 Amd R5 7520u 8gb 256gb Ssd W11 Pro Preto,2Eletro,4.3,7.0,4110.0,2999.0,https://lista.mercadolivre.com.br/notebooks,2025-08-18 14:47:16.743024
Notebook Intel Celeron N4500 4gb Ram 128gb Ssd Asus X515ka,Mega Mamute,5.0,1.0,2479.0,1699.0,https://lista.mercadolivre.com.br/notebooks,2025-08-18 14:47:16.743024
Notebook 2 Em 1 Dell Inspiron 2in1-i1300-m30 14  Fhd+ Touch  Prata Gelo,Dell,4.9,9.0,6149.0,5699.0,https://lista.mercadolivre.com.br/notebooks,2025-08-18 14:47:16.743024
Notebook Lenovo Thinkbook 16 Intel Core I5 16gb 512gb W11,Lenovo,5.0,3.0,6149.0,5694.0,https://lista.mercadolivre.com.br/notebooks,2025-08-18 14:47:16.743024
"Notebook Asus X515ka-br309ws Celeron 4gb 128gb W11 Home 15,8 Cinza",2Eletro,4.3,13.0,2300.0,1749.0,https://lista.mercadolivre.com.br/notebooks,2025-08-18 14:47:16.743024
Notebook Samsung Book4 I3 8gb 256 Ssd W11p Np754xgj-kg6br,Eshop,5.0,3.0,4749.0,3550.0,https://lista.mercadolivre.com.br/notebooks,2025-08-18 14:47:16.743024
Notebook Dell 15.6  Fhd Intel I7 16gb 512gb Ssd Preto,Dell,4.8,47.0,4739.0,4399.0,https://lista.mercadolivre.com.br/notebooks,2025-08-18 14:47:16.743024
Notebook Positivo Vision C14 Lumina Bar Celeron 8gb 256gb Emmc Tela 14 Polegadas Hd Antirreflexo Linux Tecla Link - Cinza,Positivo,4.5,559.0,2099.0,1399.0,https://lista.mercadolivre.com.br/notebooks,2025-08-18 14:47:16.743024
"Notebook Positivo Vision C15 Lumina Bar Celeron, 8gb 256gb Emmc, Tela 15 Polegadas Hd Antirreflexo, Linux, Tecla Link, Cinza",Positivo,4.7,230.0,2199.0,1499.0,https://lista.mercadolivre.com.br/notebooks,2025-08-18 14:47:16.743024
Notebook Lenovo Ideapad 1i I3c15.6  4gb 256gb Windows 11 Cinza,Loi Brasil,4.3,4.0,3072.0,2399.0,https://lista.mercadolivre.com.br/notebooks,2025-08-18 14:47:16.743024
"Notebook ASUS Vivobook Go 15 E1504FA AMD Ryzen 3 7320U 4Gb Ram 128Gb SSD Windows 11 Home Tela 15,6 FHD Mixed Black - NJ1364W",Asus,4.8,116.0,2399.0,1991.0,https://lista.mercadolivre.com.br/notebooks,2025-08-18 14:47:16.743024
Notebook HP 256R G9 Intel Core i5-1334U 15.6 HD Intel UHD 256GB SSD 16GB RAM Windows 11 Home 64 PLS SL - BQ9L2AT#AK4,HP,5.0,2.0,4754.0,3324.0,https://lista.mercadolivre.com.br/notebooks,2025-08-18 14:47:16.743024
"Notebook Vaio Fe16 Amd Ryzen 7-5825u Linux 16gb RAM 512gb Ssd Wi-Fi 6 Tela 16"" Ips Wuxga Antirreflexo Cinza Grafite Vjfe69f11xb0121h - Permite upgrade de memória RAM e SSD",Vaio,4.8,134.0,4799.0,3449.0,https://lista.mercadolivre.com.br/notebooks,2025-08-18 14:47:16.743024
"Notebook Lenovo IdeaPad Slim 3 15IRH10 Intel Core i5-13420H 8GB 512GB SSD Windows 11 15.3"" - 83NS0002BR Luna Grey",NegociuN,5.0,2.0,4089.0000000000005,3329.0,https://lista.mercadolivre.com.br/notebooks,2025-08-18 14:47:16.743024
Notebook Gamer Dell G15-i1300-u65p 15.6  Fhd 13ª Geração Int Preto,Dell,4.8,30.0,7109.0,6599.0,https://lista.mercadolivre.com.br/notebooks,2025-08-18 14:47:16.743024
"Notebook Positivo Vision R15 Lumina Bar, Amd Ryzen 7 16gb 512gb, Tela 15 Polegadas Full Hd Antirreflexo, Linux - Preto",Positivo,4.6,57.0,3899.0,2699.0,https://lista.mercadolivre.com.br/notebooks,2025-08-18 14:47:16.743024
"Notebook Gamer Acer Nitro V15 I7-13620h 13ªGen 8gb 512gb Rtx3050 6gb Linux 15.6"" FHD Preto - Anv15-51-7837",2Eletro,4.4,42.0,6998.0,4899.0,https://lista.mercadolivre.com.br/notebooks,2025-08-18 14:47:16.743024
Notebook Lenovo V14 Amd R5 7520u 8gb 256gb Ssd W11 Pro Preto,2Eletro,4.3,7.0,4110.0,2999.0,https://lista.mercadolivre.com.br/notebooks,2025-08-18 14:47:16.743024
"Notebook ASUS TUF Gaming A15 FA506NCR NVIDIA RTX 3050 AMD Ryzen 7 7435HS 8Gb Ram 512Gb SSD Linux KeepOS Tela 15,6"" FHD Nível IPS 144Hz Black - HN089",Asus,4.9,19.0,5899.0,5125.0,https://lista.mercadolivre.com.br/notebooks,2025-08-18 14:47:16.743024
Notebook Compaq Intel I3 6157u 4gb Ssd 120gb,123 Comprou,4.7,26.0,2999.0,2389.0,https://lista.mercadolivre.com.br/notebooks,2025-08-18 14:47:16.743024
Notebook Lenovo V15 G4 Iru Intel Core I3 8gb 256gb W11 15.6,Lenovo,5.0,2.0,2999.0,2779.0,https://lista.mercadolivre.com.br/notebooks,2025-08-18 14:47:16.743024
Notebook Dell Inspiron I15-i1300-u60p 15.6  Full Hd 13ª Gen  Preto,Dell,4.8,49.0,4409.0,4099.0,https://lista.mercadolivre.com.br/notebooks,2025-08-18 14:47:16.743024
Notebook Hp 256r G9 Ci3 15.6  Uhd Graphics 256gb Ssd 8gb W11 Cinza-escuro,HP,4.8,18.0,3399.0,2899.0,https://lista.mercadolivre.com.br/notebooks,2025-08-18 14:47:16.743024
Notebook Acer Aspire 5 Amd Ryzen 7 15.6 Amd Radeon 512gb 8gb,Mobcom,4.8,13.0,3605.0,3199.0,https://lista.mercadolivre.com.br/notebooks,2025-08-18 14:47:16.743024
Notebook Dell Inspiron I15-i1300-m70ps 15.6  Full Hd 13ªgen  Preto,Dell,5.0,4.0,4989.0,4649.0,https://lista.mercadolivre.com.br/notebooks,2025-08-18 14:47:16.743024
"Notebook ASUS Vivobook 15 X1504VA Intel Core i5 1334U 8Gb Ram 512Gb SSD Windows 11 Home Intel Iris Xe Tela 15,6"" LED FHD Blue - NJ1743W",Asus,5.0,3.0,3699.0,3292.0,https://lista.mercadolivre.com.br/notebooks,2025-08-18 14:47:16.743024
Notebook Dell 15.6  Fhd Intel I7 16gb 512gb Ssd Preto,Dell,4.8,47.0,4739.0,4399.0,https://lista.mercadolivre.com.br/notebooks,2025-08-18 14:47:16.743024
Notebook Positivo Vision C14 Lumina Bar Celeron 8gb 256gb Emmc Tela 14 Polegadas Hd Antirreflexo Linux Tecla Link - Cinza,Positivo,4.5,559.0,2099.0,1399.0,https://lista.mercadolivre.com.br/notebooks,2025-08-18 14:47:16.743024
"Notebook Positivo Vision C15 Lumina Bar Celeron, 8gb 256gb Emmc, Tela 15 Polegadas Hd Antirreflexo, Linux, Tecla Link, Cinza",Positivo,4.7,230.0,2199.0,1499.0,https://lista.mercadolivre.com.br/notebooks,2025-08-18 14:47:16.743024
"Notebook ASUS Vivobook 15 X1504VA Intel Core i5 1334U 8Gb Ram 512Gb SSD Windows 11 Home Intel Iris Xe Tela 15,6"" LED FHD Blue - NJ1743W",Asus,5.0,3.0,3699.0,3292.0,https://lista.mercadolivre.com.br/notebooks,2025-08-18 14:47:16.743024
Notebook Dell Inspiron I14-i120u-m20 14  Fhd+ Intel® Core 5 Prata Gelo,Dell,4.4,7.0,5399.0,4999.0,https://lista.mercadolivre.com.br/notebooks,2025-08-18 14:47:16.743024
Notebook Acer Aspire 5 15.6 Fhd I5-12450h 256gb Ssd 8gb,INPOWER,5.0,1.0,3499.0,2999.0,https://lista.mercadolivre.com.br/notebooks,2025-08-18 14:47:16.743024
Notebook HP 256R G9 Intel Core i5-1334U 15.6 HD Intel UHD 256GB SSD 16GB RAM Windows 11 Home 64 PLS SL - BQ9L2AT#AK4,HP,5.0,2.0,4754.0,3324.0,https://lista.mercadolivre.com.br/notebooks,2025-08-18 14:47:16.743024
"Notebook Vaio Fe16 Amd Ryzen 7-5825u Linux 16gb RAM 512gb Ssd Wi-Fi 6 Tela 16"" Ips Wuxga Antirreflexo Cinza Grafite Vjfe69f11xb0121h - Permite upgrade de memória RAM e SSD",Vaio,4.8,134.0,4799.0,3449.0,https://lista.mercadolivre.com.br/notebooks,2025-08-18 14:47:16.743024
"Notebook Lenovo IdeaPad Slim 3 15IRH10 Intel Core i5-13420H 8GB 512GB SSD Windows 11 15.3"" - 83NS0002BR Luna Grey",NegociuN,5.0,2.0,4089.0000000000005,3329.0,https://lista.mercadolivre.com.br/notebooks,2025-08-18 14:47:16.743024
Notebook Lenovo Ideapad 1 I3 1215u 8gb 256gb Ssd Windows 11,Eshop,5.0,8.0,3699.0,2457.0,https://lista.mercadolivre.com.br/notebooks,2025-08-18 14:47:16.743024
Notebook Lenovo Ideapad 1 Intel Core I3 8gb 512gb W11 15.6,Lenovo,5.0,1.0,2999.0,2774.0,https://lista.mercadolivre.com.br/notebooks,2025-08-18 14:47:16.743024
"Notebook Positivo Vision R15 Lumina Bar, Amd Ryzen 7 16gb 512gb, Tela 15 Polegadas Full Hd Antirreflexo, Linux - Preto",Positivo,4.6,57.0,3899.0,2699.0,https://lista.mercadolivre.com.br/notebooks,2025-08-18 14:47:16.743024
"Notebook Gamer Acer Nitro V15 I7-13620h 13ªGen 8gb 512gb Rtx3050 6gb Linux 15.6"" FHD Preto - Anv15-51-7837",2Eletro,4.4,42.0,6998.0,4899.0,https://lista.mercadolivre.com.br/notebooks,2025-08-18 14:47:16.743024
Notebook Lenovo V14 Amd R5 7520u 8gb 256gb Ssd W11 Pro Preto,2Eletro,4.3,7.0,4110.0,2999.0,https://lista.mercadolivre.com.br/notebooks,2025-08-18 14:47:16.743024
Notebook Dell Inspiron I15-i1300-m40p 15.6  Full Hd 13ª Gen  Preto,Dell,5.0,6.0,4299.0,3999.0,https://lista.mercadolivre.com.br/notebooks,2025-08-18 14:47:16.743024
"Notebook Positivo Vision R15 Lumina Bar, Amd Ryzen 5 8gb 256gb, Tela 15 Polegadas Full Hd Antirreflexo, Windows 11 Home Tecla Copilot - Preto",NegociuN,4.8,105.0,3356.0,2757.0,https://lista.mercadolivre.com.br/notebooks,2025-08-18 14:47:16.743024
Notebook Lenovo Ideapad 1i I5 1235u 8gb 512gb Ssd Win11 Home,Eshop,5.0,3.0,3959.0,3250.0,https://lista.mercadolivre.com.br/notebooks,2025-08-18 14:47:16.743024
Notebook Dell 15.6  Fhd Intel I7 16gb 512gb Ssd Preto,Dell,4.8,47.0,4739.0,4399.0,https://lista.mercadolivre.com.br/notebooks,2025-08-18 14:47:16.743024
Notebook Positivo Vision C14 Lumina Bar Celeron 8gb 256gb Emmc Tela 14 Polegadas Hd Antirreflexo Linux Tecla Link - Cinza,Positivo,4.5,559.0,2099.0,1399.0,https://lista.mercadolivre.com.br/notebooks,2025-08-18 14:47:16.743024
"Notebook Positivo Vision C15 Lumina Bar Celeron, 8gb 256gb Emmc, Tela 15 Polegadas Hd Antirreflexo, Linux, Tecla Link, Cinza",Positivo,4.7,230.0,2199.0,1499.0,https://lista.mercadolivre.com.br/notebooks,2025-08-18 14:47:16.743024
Notebook Lenovo Ideapad 1i I3 1215u 8gb 256gb Ssd Win11 Home,Eshop,5.0,2.0,3789.0,2509.0,https://lista.mercadolivre.com.br/notebooks,2025-08-18 14:47:16.743024
Notebook HP 256R G9 Intel Core i5-1334U 15.6 HD Intel UHD 256GB SSD 16GB RAM Windows 11 Home 64 PLS SL - BQ9L2AT#AK4,HP,5.0,2.0,4754.0,3324.0,https://lista.mercadolivre.com.br/notebooks,2025-08-18 14:47:16.743024
"Notebook Vaio Fe16 Amd Ryzen 7-5825u Linux 16gb RAM 512gb Ssd Wi-Fi 6 Tela 16"" Ips Wuxga Antirreflexo Cinza Grafite Vjfe69f11xb0121h - Permite upgrade de memória RAM e SSD",Vaio,4.8,134.0,4799.0,3449.0,https://lista.mercadolivre.com.br/notebooks,2025-08-18 14:47:16.743024
"Notebook Lenovo IdeaPad Slim 3 15IRH10 Intel Core i5-13420H 8GB 512GB SSD Windows 11 15.3"" - 83NS0002BR Luna Grey",NegociuN,5.0,2.0,4089.0000000000005,3329.0,https://lista.mercadolivre.com.br/notebooks,2025-08-18 14:47:16.743024
Notebook 2 Em 1 Dell Inspiron 2in1-i1300-m10c 14  Fhd+ Touch Prata Gelo,Dell,5.0,2.0,5879.0,5459.0,https://lista.mercadolivre.com.br/notebooks,2025-08-18 14:47:16.743024
"Notebook Acer Aspire 5 I7 12650h 8gb 256gb Ssd Linux 15,6''",Eshop,5.0,1.0,4899.0,3599.0,https://lista.mercadolivre.com.br/notebooks,2025-08-18 14:47:16.743024
"Notebook Positivo Vision R15 Lumina Bar, Amd Ryzen 7 16gb 512gb, Tela 15 Polegadas Full Hd Antirreflexo, Linux - Preto",Positivo,4.6,57.0,3899.0,2699.0,https://lista.mercadolivre.com.br/notebooks,2025-08-18 14:47:16.743024
"Notebook Gamer Acer Nitro V15 I7-13620h 13ªGen 8gb 512gb Rtx3050 6gb Linux 15.6"" FHD Preto - Anv15-51-7837",2Eletro,4.4,42.0,6998.0,4899.0,https://lista.mercadolivre.com.br/notebooks,2025-08-18 14:47:16.743024
Notebook Lenovo V14 Amd R5 7520u 8gb 256gb Ssd W11 Pro Preto,2Eletro,4.3,7.0,4110.0,2999.0,https://lista.mercadolivre.com.br/notebooks,2025-08-18 14:47:16.743024
Notebook Positivo Vision C14 Lumina Bar 4gb 128gb 14 Hd W11,Positivo,4.8,12.0,1949.0,1449.0,https://lista.mercadolivre.com.br/notebooks,2025-08-18 14:47:16.743024
"Notebook Samsung Galaxy Book4 Intel® Core i3-1315U (1.2 Ghz, até 4.5GHz, 10 MB L3 Cache), Windows 11 Home, 8GB, 512GB SSD, Placa Gráfica Intel® UHD, 15.6"" Full HD LED, 1.55Kg",Samsung,4.8,252.0,3749.0,3561.0,https://lista.mercadolivre.com.br/notebooks,2025-08-18 14:47:16.743024
Notebook Lenovo Thinkpad T495 Ryzen 5 Pro Ram 8gb Ssd 256gb Preto (Recondicionado),Micro Livre,5.0,9.0,2499.0,1799.0,https://lista.mercadolivre.com.br/notebooks,2025-08-18 14:47:16.743024
Notebook Asus Zenbook Snapdragon X1 26 100 32gb Ram 1tb W11 Zabriskie Beige,Asus,5.0,2.0,9999.0,9119.0,https://lista.mercadolivre.com.br/notebooks,2025-08-18 14:47:16.743024
Notebook Dell 15.6  Fhd Intel I7 16gb 512gb Ssd Preto,Dell,4.8,47.0,4739.0,4399.0,https://lista.mercadolivre.com.br/notebooks,2025-08-18 14:47:16.743024
Notebook Positivo Vision C14 Lumina Bar Celeron 8gb 256gb Emmc Tela 14 Polegadas Hd Antirreflexo Linux Tecla Link - Cinza,Positivo,4.5,559.0,2099.0,1399.0,https://lista.mercadolivre.com.br/notebooks,2025-08-18 14:47:16.743024
"Notebook Positivo Vision C15 Lumina Bar Celeron, 8gb 256gb Emmc, Tela 15 Polegadas Hd Antirreflexo, Linux, Tecla Link, Cinza",Positivo,4.7,230.0,2199.0,1499.0,https://lista.mercadolivre.com.br/notebooks,2025-08-18 14:47:16.743024
Notebook Acer Core I7 12ªgen 12gb Nvme 512gb 15.6' Full Hd,Facini Informatica,4.8,25.0,5220.0,4096.0,https://lista.mercadolivre.com.br/notebooks,2025-08-18 14:47:16.743024
Notebook HP 256R G9 Intel Core i5-1334U 15.6 HD Intel UHD 256GB SSD 16GB RAM Windows 11 Home 64 PLS SL - BQ9L2AT#AK4,HP,5.0,2.0,4754.0,3324.0,https://lista.mercadolivre.com.br/notebooks,2025-08-18 14:47:16.743024
"Notebook Vaio Fe16 Amd Ryzen 7-5825u Linux 16gb RAM 512gb Ssd Wi-Fi 6 Tela 16"" Ips Wuxga Antirreflexo Cinza Grafite Vjfe69f11xb0121h - Permite upgrade de memória RAM e SSD",Vaio,4.8,134.0,4799.0,3449.0,https://lista.mercadolivre.com.br/notebooks,2025-08-18 14:47:16.743024
"Notebook Lenovo IdeaPad Slim 3 15IRH10 Intel Core i5-13420H 8GB 512GB SSD Windows 11 15.3"" - 83NS0002BR Luna Grey",NegociuN,5.0,2.0,4089.0000000000005,3329.0,https://lista.mercadolivre.com.br/notebooks,2025-08-18 14:47:16.743024
"Notebook Positivo Vision R15 Lumina Bar, Amd Ryzen 7 16gb 512gb, Tela 15 Polegadas Full Hd Antirreflexo, Linux - Preto",Positivo,4.6,57.0,3899.0,2699.0,https://lista.mercadolivre.com.br/notebooks,2025-08-18 14:47:16.743024
"Notebook Gamer Acer Nitro V15 I7-13620h 13ªGen 8gb 512gb Rtx3050 6gb Linux 15.6"" FHD Preto - Anv15-51-7837",2Eletro,4.4,42.0,6998.0,4899.0,https://lista.mercadolivre.com.br/notebooks,2025-08-18 14:47:16.743024
Notebook Lenovo V14 Amd R5 7520u 8gb 256gb Ssd W11 Pro Preto,2Eletro,4.3,7.0,4110.0,2999.0,https://lista.mercadolivre.com.br/notebooks,2025-08-18 14:47:16.743024
Notebook Asus Vivobook 16 X1605va Intel Core I7 1355u 16gb Ram 512gb Ssd Windows 11 Home Tela 16 Ips Fhd Silver - Mb763w,Asus,4.6,35.0,5699.0,4615.0,https://lista.mercadolivre.com.br/notebooks,2025-08-18 14:47:16.743024
Notebook Lenovo V14 G4 Amd Ryzen 5 7520u 8gb 256gb Dos 14,Lenovo,5.0,2.0,2599.0,2469.0,https://lista.mercadolivre.com.br/notebooks,2025-08-18 14:47:16.743024
Notebook 2 Em 1 Dell Inspiron 2in1-i1300-m10 14  Fhd+ Touch  Prata Gelo,Dell,5.0,4.0,6019.0,5599.0,https://lista.mercadolivre.com.br/notebooks,2025-08-18 14:47:16.743024
Notebook Dell 15.6  Fhd Intel I7 16gb 512gb Ssd Preto,Dell,4.8,47.0,4739.0,4399.0,https://lista.mercadolivre.com.br/notebooks,2025-08-18 14:47:16.743024
Notebook Positivo Vision C14 Lumina Bar Celeron 8gb 256gb Emmc Tela 14 Polegadas Hd Antirreflexo Linux Tecla Link - Cinza,Positivo,4.5,559.0,2099.0,1399.0,https://lista.mercadolivre.com.br/notebooks,2025-08-18 14:47:16.743024
"Notebook Positivo Vision C15 Lumina Bar Celeron, 8gb 256gb Emmc, Tela 15 Polegadas Hd Antirreflexo, Linux, Tecla Link, Cinza",Positivo,4.7,230.0,2199.0,1499.0,https://lista.mercadolivre.com.br/notebooks,2025-08-18 14:47:16.743024
Notebook HP 256R G9 Intel Core i5-1334U 15.6 HD Intel UHD 256GB SSD 16GB RAM Windows 11 Home 64 PLS SL - BQ9L2AT#AK4,HP,5.0,2.0,4754.0,3324.0,https://lista.mercadolivre.com.br/notebooks,2025-08-18 14:47:16.743024
"Notebook Vaio Fe16 Amd Ryzen 7-5825u Linux 16gb RAM 512gb Ssd Wi-Fi 6 Tela 16"" Ips Wuxga Antirreflexo Cinza Grafite Vjfe69f11xb0121h - Permite upgrade de memória RAM e SSD",Vaio,4.8,134.0,4799.0,3449.0,https://lista.mercadolivre.com.br/notebooks,2025-08-18 14:47:16.743024
"Notebook Lenovo IdeaPad Slim 3 15IRH10 Intel Core i5-13420H 8GB 512GB SSD Windows 11 15.3"" - 83NS0002BR Luna Grey",NegociuN,5.0,2.0,4089.0000000000005,3329.0,https://lista.mercadolivre.com.br/notebooks,2025-08-18 14:47:16.743024
"Notebook Positivo Vision R15 Lumina Bar, Amd Ryzen 7 16gb 512gb, Tela 15 Polegadas Full Hd Antirreflexo, Linux - Preto",Positivo,4.6,57.0,3899.0,2699.0,https://lista.mercadolivre.com.br/notebooks,2025-08-18 14:47:16.743024
"Notebook Gamer Acer Nitro V15 I7-13620h 13ªGen 8gb 512gb Rtx3050 6gb Linux 15.6"" FHD Preto - Anv15-51-7837",2Eletro,4.4,42.0,6998.0,4899.0,https://lista.mercadolivre.com.br/notebooks,2025-08-18 14:47:16.743024
Notebook Lenovo V14 Amd R5 7520u 8gb 256gb Ssd W11 Pro Preto,2Eletro,4.3,7.0,4110.0,2999.0,https://lista.mercadolivre.com.br/notebooks,2025-08-18 14:47:16.743024
Notebook Asus X515 Intel Celeron N4500 4gb 128gb Ssd W11 Hd Slate Grey,Asus,5.0,4.0,1999.0,1719.0,https://lista.mercadolivre.com.br/notebooks,2025-08-18 14:47:16.743024
Notebook Acer Ryzen 7 Octa-cor 40gb Nvme 512gb 15.6' Full Hd,Facini Informatica,5.0,2.0,4379.0,4157.0,https://lista.mercadolivre.com.br/notebooks,2025-08-18 14:47:16.743024
"Notebook Vaio Fe16 Amd Ryzen 7 5825u Linux 8gb RAM 512gb Ssd Wi-Fi 6 Tela 16"" Ips Wuxga Antirreflexo - Cinza Grafite Vjfe69f11xb0321h - Permite upgrade de memória RAM e SSD",Vaio,4.8,11.0,4299.0,3299.0,https://lista.mercadolivre.com.br/notebooks,2025-08-18 14:47:16.743024
Notebook Dell 15.6  Fhd Intel I7 16gb 512gb Ssd Preto,Dell,4.8,47.0,4739.0,4399.0,https://lista.mercadolivre.com.br/notebooks,2025-08-18 14:47:16.743024
Notebook Positivo Vision C14 Lumina Bar Celeron 8gb 256gb Emmc Tela 14 Polegadas Hd Antirreflexo Linux Tecla Link - Cinza,Positivo,4.5,559.0,2099.0,1399.0,https://lista.mercadolivre.com.br/notebooks,2025-08-18 14:47:16.743024
"Notebook Positivo Vision C15 Lumina Bar Celeron, 8gb 256gb Emmc, Tela 15 Polegadas Hd Antirreflexo, Linux, Tecla Link, Cinza",Positivo,4.7,230.0,2199.0,1499.0,https://lista.mercadolivre.com.br/notebooks,2025-08-18 14:47:16.743024
"Notebook Vaio Fe16 Amd Ryzen 7 5825u Linux 8gb RAM 512gb Ssd Wi-Fi 6 Tela 16"" Ips Wuxga Antirreflexo - Cinza Grafite Vjfe69f11xb0321h - Permite upgrade de memória RAM e SSD",Vaio,4.8,11.0,4299.0,3299.0,https://lista.mercadolivre.com.br/notebooks,2025-08-18 14:47:16.743024
Notebook Lenovo Ideapad 1i Core I7-1255u 12gb Ram Ssd 512gb,Login,4.5,6.0,4699.0,3699.0,https://lista.mercadolivre.com.br/notebooks,2025-08-18 14:47:16.743024
Notebook HP 256R G9 Intel Core i5-1334U 15.6 HD Intel UHD 256GB SSD 16GB RAM Windows 11 Home 64 PLS SL - BQ9L2AT#AK4,HP,5.0,2.0,4754.0,3324.0,https://lista.mercadolivre.com.br/notebooks,2025-08-18 14:47:16.743024
"Notebook Vaio Fe16 Amd Ryzen 7-5825u Linux 16gb RAM 512gb Ssd Wi-Fi 6 Tela 16"" Ips Wuxga Antirreflexo Cinza Grafite Vjfe69f11xb0121h - Permite upgrade de memória RAM e SSD",Vaio,4.8,134.0,4799.0,3449.0,https://lista.mercadolivre.com.br/notebooks,2025-08-18 14:47:16.743024
"Notebook Lenovo IdeaPad Slim 3 15IRH10 Intel Core i5-13420H 8GB 512GB SSD Windows 11 15.3"" - 83NS0002BR Luna Grey",NegociuN,5.0,2.0,4089.0000000000005,3329.0,https://lista.mercadolivre.com.br/notebooks,2025-08-18 14:47:16.743024
Notebook Dell Inspiron I14-i150u-m50 14  Fhd+ Intel® Core 7 Prata Gelo,Dell,4.0,5.0,5659.0,5199.0,https://lista.mercadolivre.com.br/notebooks,2025-08-18 14:47:16.743024
"Notebook Positivo Vision R15 Lumina Bar, Amd Ryzen 7 16gb 512gb, Tela 15 Polegadas Full Hd Antirreflexo, Linux - Preto",Positivo,4.6,57.0,3899.0,2699.0,https://lista.mercadolivre.com.br/notebooks,2025-08-18 14:47:16.743024
"Notebook Gamer Acer Nitro V15 I7-13620h 13ªGen 8gb 512gb Rtx3050 6gb Linux 15.6"" FHD Preto - Anv15-51-7837",2Eletro,4.4,42.0,6998.0,4899.0,https://lista.mercadolivre.com.br/notebooks,2025-08-18 14:47:16.743024
Notebook Lenovo V14 Amd R5 7520u 8gb 256gb Ssd W11 Pro Preto,2Eletro,4.3,7.0,4110.0,2999.0,https://lista.mercadolivre.com.br/notebooks,2025-08-18 14:47:16.743024
Notebook Dell Inspiron I14-i150u-m70 14  Fhd+ Intel® Core 7 Prata Gelo,Dell,5.0,5.0,6879.0,6399.0,https://lista.mercadolivre.com.br/notebooks,2025-08-18 14:47:16.743024
Notebook Dell 15.6  Fhd Intel I7 16gb 512gb Ssd Preto,Dell,4.8,47.0,4739.0,4399.0,https://lista.mercadolivre.com.br/notebooks,2025-08-18 14:47:16.743024
Notebook Positivo Vision C14 Lumina Bar Celeron 8gb 256gb Emmc Tela 14 Polegadas Hd Antirreflexo Linux Tecla Link - Cinza,Positivo,4.5,559.0,2099.0,1399.0,https://lista.mercadolivre.com.br/notebooks,2025-08-18 14:47:16.743024
"Notebook Positivo Vision C15 Lumina Bar Celeron, 8gb 256gb Emmc, Tela 15 Polegadas Hd Antirreflexo, Linux, Tecla Link, Cinza",Positivo,4.7,230.0,2199.0,1499.0,https://lista.mercadolivre.com.br/notebooks,2025-08-18 14:47:16.743024
Notebook HP 256R G9 Intel Core i5-1334U 15.6 HD Intel UHD 256GB SSD 16GB RAM Windows 11 Home 64 PLS SL - BQ9L2AT#AK4,HP,5.0,2.0,4754.0,3324.0,https://lista.mercadolivre.com.br/notebooks,2025-08-18 14:47:16.743024
"Notebook Vaio Fe16 Amd Ryzen 7-5825u Linux 16gb RAM 512gb Ssd Wi-Fi 6 Tela 16"" Ips Wuxga Antirreflexo Cinza Grafite Vjfe69f11xb0121h - Permite upgrade de memória RAM e SSD",Vaio,4.8,134.0,4799.0,3449.0,https://lista.mercadolivre.com.br/notebooks,2025-08-18 14:47:16.743024
"Notebook Lenovo IdeaPad Slim 3 15IRH10 Intel Core i5-13420H 8GB 512GB SSD Windows 11 15.3"" - 83NS0002BR Luna Grey",NegociuN,5.0,2.0,4089.0000000000005,3329.0,https://lista.mercadolivre.com.br/notebooks,2025-08-18 14:47:16.743024
"Notebook Positivo Vision R15 Lumina Bar, Amd Ryzen 7 16gb 512gb, Tela 15 Polegadas Full Hd Antirreflexo, Linux - Preto",Positivo,4.6,57.0,3899.0,2699.0,https://lista.mercadolivre.com.br/notebooks,2025-08-18 14:47:16.743024
"Notebook Gamer Acer Nitro V15 I7-13620h 13ªGen 8gb 512gb Rtx3050 6gb Linux 15.6"" FHD Preto - Anv15-51-7837",2Eletro,4.4,42.0,6998.0,4899.0,https://lista.mercadolivre.com.br/notebooks,2025-08-18 14:47:16.743024
Notebook Lenovo V14 Amd R5 7520u 8gb 256gb Ssd W11 Pro Preto,2Eletro,4.3,7.0,4110.0,2999.0,https://lista.mercadolivre.com.br/notebooks,2025-08-18 14:47:16.743024
Notebook Dell 15.6  Fhd Intel I7 16gb 512gb Ssd Preto,Dell,4.8,47.0,4739.0,4399.0,https://lista.mercadolivre.com.br/notebooks,2025-08-18 14:47:16.743024
Notebook Positivo Vision C14 Lumina Bar Celeron 8gb 256gb Emmc Tela 14 Polegadas Hd Antirreflexo Linux Tecla Link - Cinza,Positivo,4.5,559.0,2099.0,1399.0,https://lista.mercadolivre.com.br/notebooks,2025-08-18 14:47:16.743024
Notebook HP 256R G9 Intel Core i5-1334U 15.6 HD Intel UHD 256GB SSD 16GB RAM Windows 11 Home 64 PLS SL - BQ9L2AT#AK4,HP,5.0,2.0,4754.0,3324.0,https://lista.mercadolivre.com.br/notebooks,2025-08-18 14:47:16.743024
Notebook Samsung Galaxy Book4 Windows 11 Home Intel Core I3 8gb 256gb Ssd 15.6'' Full Hd Led 1.55 Kg Grafite,Miranda,4.9,4596.0,3667.0,3347.0,https://lista.mercadolivre.com.br/notebooks,2025-08-18 14:47:16.743024
"Notebook Vaio Fe16 Amd Ryzen 7-5825u Linux 16gb RAM 512gb Ssd Wi-Fi 6 Tela 16"" Ips Wuxga Antirreflexo Cinza Grafite Vjfe69f11xb0121h - Permite upgrade de memória RAM e SSD",Vaio,4.8,134.0,4799.0,3449.0,https://lista.mercadolivre.com.br/notebooks,2025-08-18 14:47:16.743024
"Notebook Lenovo IdeaPad Slim 3 15IRH10 Intel Core i5-13420H 8GB 512GB SSD Windows 11 15.3"" - 83NS0002BR Luna Grey",NegociuN,5.0,2.0,4089.0000000000005,3329.0,https://lista.mercadolivre.com.br/notebooks,2025-08-18 14:47:16.743024
"Notebook Positivo Vision R15 Lumina Bar, Amd Ryzen 7 16gb 512gb, Tela 15 Polegadas Full Hd Antirreflexo, Linux - Preto",Positivo,4.6,57.0,3899.0,2699.0,https://lista.mercadolivre.com.br/notebooks,2025-08-18 14:47:16.743024
Notebook Asus Vivobook S14 Oled Core Ultra 7 16gb 512ssd W11 Mist Blue,Asus,5.0,1.0,8999.0,6084.0,https://lista.mercadolivre.com.br/notebooks,2025-08-18 14:47:16.743024
Notebook Acer Core I5 12th Gen 16gb Nvme 256gb 15.6' Full Hd,Facini Informatica,5.0,1.0,4271.0,3673.0,https://lista.mercadolivre.com.br/notebooks,2025-08-18 14:47:16.743024
Notebook Dell 15.6  Fhd Intel I7 16gb 512gb Ssd Preto,Dell,4.8,47.0,4739.0,4399.0,https://lista.mercadolivre.com.br/notebooks,2025-08-18 14:47:16.743024
Notebook HP 256R G9 Intel Core i5-1334U 15.6 HD Intel UHD 256GB SSD 16GB RAM Windows 11 Home 64 PLS SL - BQ9L2AT#AK4,HP,5.0,2.0,4754.0,3324.0,https://lista.mercadolivre.com.br/notebooks,2025-08-18 14:47:16.743024
"Notebook Lenovo IdeaPad Slim 3 15IRH10 Intel Core i5-13420H 8GB 512GB SSD Windows 11 15.3"" - 83NS0002BR Luna Grey",NegociuN,5.0,2.0,4089.0000000000005,3329.0,https://lista.mercadolivre.com.br/notebooks,2025-08-18 14:47:16.743024
"Notebook Positivo Vision R15 Lumina Bar Amd Ryzen 5 16gb 512gb, Tela 15 Full Hd Antirreflexo, Linux - Preto",Positivo,4.3,40.0,3899.0,2899.0,https://lista.mercadolivre.com.br/notebooks,2025-08-18 14:47:16.743024
Notebook Acer Core I5 12th Gen 16gb Nvme 512gb 15.6' Full Hd,Facini Informatica,5.0,3.0,4622.0,3975.0,https://lista.mercadolivre.com.br/notebooks,2025-08-18 14:47:16.743024
Notebook Core I5 256gb 16gb Ddr4 Ssd M2 Usb-c Usb 3.0 5490,INFO OUTLET,5.0,2.0,2990.0,2093.0,https://lista.mercadolivre.com.br/notebooks,2025-08-18 14:47:16.743024
Notebook Dell Inspiron I14-i150u-m70bp 14  Fhd+ Intel® Core Prata Gelo,Dell,5.0,2.0,6059.0,5579.0,https://lista.mercadolivre.com.br/notebooks,2025-08-18 14:47:16.743024
Notebook Dell 15.6  Fhd Intel I7 16gb 512gb Ssd Preto,Dell,4.8,47.0,4739.0,4399.0,https://lista.mercadolivre.com.br/notebooks,2025-08-18 14:47:16.743024
"Notebook Lenovo IdeaPad Slim 3 15IRH10 Intel Core i5-13420H 8GB 512GB SSD Windows 11 15.3"" - 83NS0002BR Luna Grey",NegociuN,5.0,2.0,4089.0000000000005,3329.0,https://lista.mercadolivre.com.br/notebooks,2025-08-18 14:47:16.743024
"Notebook Positivo Vision R15 Lumina Bar, Amd Ryzen 7 16gb 512gb, Tela 15 Polegadas Full Hd Antirreflexo, Linux - Preto",Positivo,4.6,57.0,3899.0,2699.0,https://lista.mercadolivre.com.br/notebooks,2025-08-18 14:47:16.743024
"Notebook Aspire 3 A315-56 15.6"" cinza-escuro 8GB de Ram - 1TB HDD - Intel Core i3",123 Comprou,4.2,88.0,3299.0,2837.0,https://lista.mercadolivre.com.br/notebooks,2025-08-18 14:47:16.743024
Notebook Dell Latitude 3410 Core I5 10ger 8gb 240ssd Win 11,SLA Informatica,5.0,7.0,2999.0,2669.0,https://lista.mercadolivre.com.br/notebooks,2025-08-18 14:47:16.743024
"Notebook Lenovo Ideapad 1i Celeron N4020 4gb 128gb W11 15,6'",123 Comprou,4.7,18.0,2998.0,2698.0,https://lista.mercadolivre.com.br/notebooks,2025-08-18 14:47:16.743024
Notebook Dell 15.6  Fhd Intel I7 16gb 512gb Ssd Preto,Dell,4.8,47.0,4739.0,4399.0,https://lista.mercadolivre.com.br/notebooks,2025-08-18 14:47:16.743024
"Notebook Lenovo IdeaPad Slim 3 15IRH10 Intel Core i5-13420H 8GB 512GB SSD Windows 11 15.3"" - 83NS0002BR Luna Grey",NegociuN,5.0,2.0,4089.0000000000005,3329.0,https://lista.mercadolivre.com.br/notebooks,2025-08-18 14:47:16.743024
"Notebook Positivo Vision R15 Lumina Bar, Amd Ryzen 7 16gb 512gb, Tela 15 Polegadas Full Hd Antirreflexo, Linux - Preto",Positivo,4.6,57.0,3899.0,2699.0,https://lista.mercadolivre.com.br/notebooks,2025-08-18 14:47:16.743024
Notebook Hp 256r G9 Ci5 Intel Uhd 256gb Ssd 16gb W11+mochila,HP,5.0,1.0,4755.0,3324.0,https://lista.mercadolivre.com.br/notebooks,2025-08-18 14:47:16.743024
Notebook Dell 15.6  Fhd Intel I7 16gb 512gb Ssd Preto,Dell,4.8,47.0,4739.0,4399.0,https://lista.mercadolivre.com.br/notebooks,2025-08-18 14:47:16.743024
"Notebook Lenovo IdeaPad Slim 3 15IRH10 Intel Core i5-13420H 8GB 512GB SSD Windows 11 15.3"" - 83NS0002BR Luna Grey",NegociuN,5.0,2.0,4089.0000000000005,3329.0,https://lista.mercadolivre.com.br/notebooks,2025-08-18 14:47:16.743024
"Notebook Positivo Vision R15 Lumina Bar, Amd Ryzen 7 16gb 512gb, Tela 15 Polegadas Full Hd Antirreflexo, Linux - Preto",Positivo,4.6,57.0,3899.0,2699.0,https://lista.mercadolivre.com.br/notebooks,2025-08-18 14:47:16.743024
"Notebook Vaio Fe15 Intel I5 1235u 8gb 512gb Ssd Linux 15,6''",Eshop,5.0,2.0,4990.0,3079.0,https://lista.mercadolivre.com.br/notebooks,2025-08-18 14:47:16.743024
Notebook Dell 15.6  Fhd Intel I7 16gb 512gb Ssd Preto,Dell,4.8,47.0,4739.0,4399.0,https://lista.mercadolivre.com.br/notebooks,2025-08-18 14:47:16.743024
"Notebook Lenovo IdeaPad Slim 3 15IRH10 Intel Core i5-13420H 8GB 512GB SSD Windows 11 15.3"" - 83NS0002BR Luna Grey",NegociuN,5.0,2.0,4089.0000000000005,3329.0,https://lista.mercadolivre.com.br/notebooks,2025-08-18 14:47:16.743024
"Notebook Positivo Vision R15 Lumina Bar, Amd Ryzen 7 16gb 512gb, Tela 15 Polegadas Full Hd Antirreflexo, Linux - Preto",Positivo,4.6,57.0,3899.0,2699.0,https://lista.mercadolivre.com.br/notebooks,2025-08-18 14:47:16.743024
Notebook Dell 15.6  Fhd Intel I7 16gb 512gb Ssd Preto,Dell,4.8,47.0,4739.0,4399.0,https://lista.mercadolivre.com.br/notebooks,2025-08-18 14:47:16.743024
"Notebook Lenovo IdeaPad Slim 3 15IRH10 Intel Core i5-13420H 8GB 512GB SSD Windows 11 15.3"" - 83NS0002BR Luna Grey",NegociuN,5.0,2.0,4089.0000000000005,3329.0,https://lista.mercadolivre.com.br/notebooks,2025-08-18 14:47:16.743024
"Notebook Positivo Vision R15 Lumina Bar, Amd Ryzen 7 16gb 512gb, Tela 15 Polegadas Full Hd Antirreflexo, Linux - Preto",Positivo,4.6,57.0,3899.0,2699.0,https://lista.mercadolivre.com.br/notebooks,2025-08-18 14:47:16.743024
Notebook Dell 15.6  Fhd Intel I7 16gb 512gb Ssd Preto,Dell,4.8,47.0,4739.0,4399.0,https://lista.mercadolivre.com.br/notebooks,2025-08-18 14:47:16.743024
"Notebook Lenovo IdeaPad Slim 3 15IRH10 Intel Core i5-13420H 8GB 512GB SSD Windows 11 15.3"" - 83NS0002BR Luna Grey",NegociuN,5.0,2.0,4089.0000000000005,3329.0,https://lista.mercadolivre.com.br/notebooks,2025-08-18 14:47:16.743024
"Notebook Positivo Vision R15 Lumina Bar, Amd Ryzen 7 16gb 512gb, Tela 15 Polegadas Full Hd Antirreflexo, Linux - Preto",Positivo,4.6,57.0,3899.0,2699.0,https://lista.mercadolivre.com.br/notebooks,2025-08-18 14:47:16.743024
Notebook Hp 250r G9 Intel I5-1335u 8gb Ssd 256gb W11 Pro Cinza-escuro,2Eletro,5.0,3.0,3610.0,3099.0,https://lista.mercadolivre.com.br/notebooks,2025-08-18 14:47:16.743024
Notebook Hp 250r G9 Intel I5-1335u 8gb Ssd 256gb W11 Pro Cinza-escuro,2Eletro,5.0,3.0,3610.0,3099.0,https://lista.mercadolivre.com.br/notebooks,2025-08-18 14:47:16.743024
Notebook Acer Aspire 5 Ryzen 7 Radeon 512gb 8gb Linux +ubook,Mobcom,4.9,30.0,6499.0,2999.0,https://lista.mercadolivre.com.br/notebooks,2025-08-18 14:47:16.743024
Notebook Lenovo Ultrafino Ideapad 3i I3-1215u 8gb 256gb Ssd  Cloudgrey,Login,5.0,6.0,3299.0,2849.0,https://lista.mercadolivre.com.br/notebooks,2025-08-18 14:47:16.743024
Notebook Gamer Nitro V15 Anv15-51-57ws I5 Lx 8gb 512gb Ssd Preto,Acer Brasil,4.8,364.0,5299.0,4649.0,https://lista.mercadolivre.com.br/notebooks,2025-08-18 14:47:16.743024
"Notebook Lenovo Ideapad 1i Celeron N4020 128gb 4gb W11 15,6'",123 Comprou,4.3,6.0,2915.0,2623.0,https://lista.mercadolivre.com.br/notebooks,2025-08-18 14:47:16.743024
Positivo Notebook 2 Em 1 Positivo Duo C4128b-3 Intel Celeron,Positivo,4.7,92.0,1799.0,1547.0,https://lista.mercadolivre.com.br/notebooks,2025-08-18 14:47:16.743024
Notebook Hp 256r G9 Ci3 Uhd Graphics 256gb 8gb + Mochila Hp,HP,4.8,4.0,4754.0,2754.0,https://lista.mercadolivre.com.br/notebooks,2025-08-18 14:47:16.743024
Notebook Acer Core I7 12agen 32gb Nvme 1tb 15.6' Full Hd Cor Preto,Facini Informatica,4.9,9.0,6076.0,5772.0,https://lista.mercadolivre.com.br/notebooks,2025-08-18 14:47:16.743024
Notebook Dell Latitude 3420 I7 1165g7 Ssd 480gb 16gb 14' Cor Cinza - Excelente (Recondicionado),Micro Livre,5.0,4.0,3858.0,3356.0,https://lista.mercadolivre.com.br/notebooks,2025-08-18 14:47:16.743024
Notebook Gamer Acer Nv 7037 I713ªg 16gb 512ssd Rtx4050 Gutta Preto,Acer Brasil,4.8,156.0,6999.0,5999.0,https://lista.mercadolivre.com.br/notebooks,2025-08-18 14:47:16.743024
"Notebook Asus Vivobook Go Core I3 N305 4gb 256ssd 15,6  Fhd Cool Silver",Asus,3.8,5.0,2399.0,2063.0,https://lista.mercadolivre.com.br/notebooks,2025-08-18 14:47:16.743024
Notebook Lenovo Ideapad 1i I7 1255u 12gb 512g Ssd Win11 Home,Eshop,5.0,1.0,5109.0,3669.0,https://lista.mercadolivre.com.br/notebooks,2025-08-18 14:47:16.743024
Notebook Asus Vivobook S14 Core Ultra 7 32gb 1tb Ssd W11,Asus,5.0,6.0,9499.0,7688.0,https://lista.mercadolivre.com.br/notebooks,2025-08-18 14:47:16.743024
Notebook Dell 15.6  Fhd Intel I7 16gb 512gb Ssd Preto,Dell,4.8,47.0,4739.0,4399.0,https://lista.mercadolivre.com.br/notebooks,2025-08-18 14:47:16.743024
Notebook Positivo Vision C14 Lumina Bar Celeron 8gb 256gb Emmc Tela 14 Polegadas Hd Antirreflexo Linux Tecla Link - Cinza,Positivo,4.5,559.0,2099.0,1399.0,https://lista.mercadolivre.com.br/notebooks,2025-08-18 14:47:16.743024
"Notebook Positivo Vision C15 Lumina Bar Celeron, 8gb 256gb Emmc, Tela 15 Polegadas Hd Antirreflexo, Linux, Tecla Link, Cinza",Positivo,4.7,230.0,2199.0,1499.0,https://lista.mercadolivre.com.br/notebooks,2025-08-18 14:47:16.743024
Notebook Hp 256r G9 Intel Core I3-1315u 15.6 Hd Intel Uhd Graphics 256gb Ssd 8gb Ram Windows 11 Home 64 Sl - AN1A2LA#AK4,HP,4.8,356.0,3232.0,2754.0,https://lista.mercadolivre.com.br/notebooks,2025-08-18 14:47:16.743024
Notebook Gamer Lenovo Loq-e Ci5 Rtx3050 512gb 16gb W11+ubook,Mobcom,4.9,114.0,6657.0,4699.0,https://lista.mercadolivre.com.br/notebooks,2025-08-18 14:47:16.743024
Notebook HP 256R G9 Intel Core i5-1334U 15.6 HD Intel UHD 256GB SSD 16GB RAM Windows 11 Home 64 PLS SL - BQ9L2AT#AK4,HP,5.0,2.0,4754.0,3324.0,https://lista.mercadolivre.com.br/notebooks,2025-08-18 14:47:16.743024
"Notebook Vaio Fe16 Amd Ryzen 5-5625u Windows 11 Home 8gb RAM 256gb Ssd Wi-Fi 6 Tela 16"" Ips Wuxga Antirreflexo - Cinza Grafite - Vjfe69f11x-b0421h - Permite upgrade de memória RAM e SSD",Loi Brasil,5.0,3.0,4666.0,2999.0,https://lista.mercadolivre.com.br/notebooks,2025-08-18 14:47:16.743024
"Notebook Vaio Fe16 Amd Ryzen 7-5825u Linux 16gb RAM 512gb Ssd Wi-Fi 6 Tela 16"" Ips Wuxga Antirreflexo Cinza Grafite Vjfe69f11xb0121h - Permite upgrade de memória RAM e SSD",Vaio,4.8,134.0,4799.0,3449.0,https://lista.mercadolivre.com.br/notebooks,2025-08-18 14:47:16.743024
"Notebook Positivo Vision C15 Lumina Bar Celeron, 8GB 128GB eMMC, Tela 15.6"" HD Antirreflexo, Windows 11, Tecla Link, Cinza",Positivo,4.6,1232.0,2641.0,1756.0,https://lista.mercadolivre.com.br/notebooks,2025-08-18 14:47:16.743024
Notebook I5 Tela Touch Ssd 256gb 16gb  W10pro Hdmi Usb-c Nfe,INFO OUTLET,5.0,1.0,4590.0,2891.0,https://lista.mercadolivre.com.br/notebooks,2025-08-18 14:47:16.743024
Notebook Dell 15.6  Fhd Intel I7 16gb 512gb Ssd Preto,Dell,4.8,47.0,4739.0,4399.0,https://lista.mercadolivre.com.br/notebooks,2025-08-18 14:47:16.743024
Notebook Positivo Vision C14 Lumina Bar Celeron 8gb 256gb Emmc Tela 14 Polegadas Hd Antirreflexo Linux Tecla Link - Cinza,Positivo,4.5,559.0,2099.0,1399.0,https://lista.mercadolivre.com.br/notebooks,2025-08-18 14:47:16.743024
"Notebook Positivo Vision C15 Lumina Bar Celeron, 8gb 256gb Emmc, Tela 15 Polegadas Hd Antirreflexo, Linux, Tecla Link, Cinza",Positivo,4.7,230.0,2199.0,1499.0,https://lista.mercadolivre.com.br/notebooks,2025-08-18 14:47:16.743024
Notebook I5 Ssd 256gb 32gb Mem 14  Tela Touch Ips Hdmi Usb C,INFO OUTLET,5.0,1.0,4590.0,3304.0,https://lista.mercadolivre.com.br/notebooks,2025-08-18 14:47:16.743024
Notebook HP 256R G9 Intel Core i5-1334U 15.6 HD Intel UHD 256GB SSD 16GB RAM Windows 11 Home 64 PLS SL - BQ9L2AT#AK4,HP,5.0,2.0,4754.0,3324.0,https://lista.mercadolivre.com.br/notebooks,2025-08-18 14:47:16.743024
"Notebook Vaio Fe16 Amd Ryzen 7-5825u Linux 16gb RAM 512gb Ssd Wi-Fi 6 Tela 16"" Ips Wuxga Antirreflexo Cinza Grafite Vjfe69f11xb0121h - Permite upgrade de memória RAM e SSD",Vaio,4.8,134.0,4799.0,3449.0,https://lista.mercadolivre.com.br/notebooks,2025-08-18 14:47:16.743024
"Notebook Lenovo IdeaPad Slim 3 15IRH10 Intel Core i5-13420H 8GB 512GB SSD Windows 11 15.3"" - 83NS0002BR Luna Grey",NegociuN,5.0,2.0,4089.0000000000005,3329.0,https://lista.mercadolivre.com.br/notebooks,2025-08-18 14:47:16.743024
"Notebook Positivo Vision R15 Lumina Bar, Amd Ryzen 7 16gb 512gb, Tela 15 Polegadas Full Hd Antirreflexo, Linux - Preto",Positivo,4.6,57.0,3899.0,2699.0,https://lista.mercadolivre.com.br/notebooks,2025-08-18 14:47:16.743024
"Notebook Gamer Acer Nitro V15 I7-13620h 13ªGen 8gb 512gb Rtx3050 6gb Linux 15.6"" FHD Preto - Anv15-51-7837",2Eletro,4.4,42.0,6998.0,4899.0,https://lista.mercadolivre.com.br/notebooks,2025-08-18 14:47:16.743024
Notebook Lenovo V14 Amd R5 7520u 8gb 256gb Ssd W11 Pro Preto,2Eletro,4.3,7.0,4110.0,2999.0,https://lista.mercadolivre.com.br/notebooks,2025-08-18 14:47:16.743024
Notebook I5 Tela Touch Ssd 256gb 32gb Fhd Hdmi Usb-c Tb3 T14,INFO OUTLET,5.0,4.0,3999.0,2879.0,https://lista.mercadolivre.com.br/notebooks,2025-08-18 14:47:16.743024
Macbook Pro A2141 I7 2019 Ssd 500gb 16gb Radeon 5300m #194,INFO OUTLET,5.0,1.0,7500.0,4500.0,https://lista.mercadolivre.com.br/notebooks,2025-08-18 14:47:16.743024
Notebook Lenovo Ideapad 3i Celeron 4gb 128gb Ssd W11 15.6 Cor Prateado,123 Comprou,4.6,2062.0,3665.0,3298.0,https://lista.mercadolivre.com.br/notebooks,2025-08-18 14:47:16.743024
Notebook Dell 15.6  Fhd Intel I7 16gb 512gb Ssd Preto,Dell,4.8,47.0,4739.0,4399.0,https://lista.mercadolivre.com.br/notebooks,2025-08-18 14:47:16.743024
Notebook Positivo Vision C14 Lumina Bar Celeron 8gb 256gb Emmc Tela 14 Polegadas Hd Antirreflexo Linux Tecla Link - Cinza,Positivo,4.5,559.0,2099.0,1399.0,https://lista.mercadolivre.com.br/notebooks,2025-08-18 14:47:16.743024
"Notebook Positivo Vision C15 Lumina Bar Celeron, 8gb 256gb Emmc, Tela 15 Polegadas Hd Antirreflexo, Linux, Tecla Link, Cinza",Positivo,4.7,230.0,2199.0,1499.0,https://lista.mercadolivre.com.br/notebooks,2025-08-18 14:47:16.743024
Notebook HP 256R G9 Intel Core i5-1334U 15.6 HD Intel UHD 256GB SSD 16GB RAM Windows 11 Home 64 PLS SL - BQ9L2AT#AK4,HP,5.0,2.0,4754.0,3324.0,https://lista.mercadolivre.com.br/notebooks,2025-08-18 14:47:16.743024
"Notebook Vaio Fe16 Amd Ryzen 7-5825u Linux 16gb RAM 512gb Ssd Wi-Fi 6 Tela 16"" Ips Wuxga Antirreflexo Cinza Grafite Vjfe69f11xb0121h - Permite upgrade de memória RAM e SSD",Vaio,4.8,134.0,4799.0,3449.0,https://lista.mercadolivre.com.br/notebooks,2025-08-18 14:47:16.743024
"Notebook Lenovo IdeaPad Slim 3 15IRH10 Intel Core i5-13420H 8GB 512GB SSD Windows 11 15.3"" - 83NS0002BR Luna Grey",NegociuN,5.0,2.0,4089.0000000000005,3329.0,https://lista.mercadolivre.com.br/notebooks,2025-08-18 14:47:16.743024
"Notebook Positivo Vision R15 Lumina Bar, Amd Ryzen 7 16gb 512gb, Tela 15 Polegadas Full Hd Antirreflexo, Linux - Preto",Positivo,4.6,57.0,3899.0,2699.0,https://lista.mercadolivre.com.br/notebooks,2025-08-18 14:47:16.743024
"Notebook Gamer Acer Nitro V15 I7-13620h 13ªGen 8gb 512gb Rtx3050 6gb Linux 15.6"" FHD Preto - Anv15-51-7837",2Eletro,4.4,42.0,6998.0,4899.0,https://lista.mercadolivre.com.br/notebooks,2025-08-18 14:47:16.743024
Notebook Lenovo V14 Amd R5 7520u 8gb 256gb Ssd W11 Pro Preto,2Eletro,4.3,7.0,4110.0,2999.0,https://lista.mercadolivre.com.br/notebooks,2025-08-18 14:47:16.743024
Notebook Lenovo T480 - Core I5 + 16 Gb Ddr4 + 512 Gb Ssd M2 Preto (Recondicionado),Micro Livre,5.0,4.0,3496.0,2447.0,https://lista.mercadolivre.com.br/notebooks,2025-08-18 14:47:16.743024
