nome;vendedor;Avaliação;reviews;preco_antigo;preco_atual;source;data
Notebook Lenovo Thinkpad T480 14  I5 8ª 8gb Ssd 256gb;Micro Livre;4.7;68.0;1799.0;1673.0;https://lista.mercadolivre.com.br/notebooks;2025-07-28 22:06:17.449692
Lenovo E14 G2core I5-113g7  8gb De Ram Nvme De 256gb W10 Pro;Micro Livre;;;2899.0;2754.0;https://lista.mercadolivre.com.br/notebooks;2025-07-28 22:06:17.449692
"Notebook Lenovo Ideapad 1 Intel Core i3 1215U 8GB RAM 256GB SSD Windows 11 Home Tela 15,6"" 82VY000SBR";Eshop;4.8;5440.0;3699.0;2320.0;https://lista.mercadolivre.com.br/notebooks;2025-07-28 22:06:17.449692
Notebook Asus Vivobook 15 X1504va Intel Core I5 1334u 8gb Ram 512gb Ssd Linux Keepos Intel Iris Xe Tela 15,6 Led Fhd Silver - Nj1741;Asus;5.0;7.0;3099.0;2663.0;https://lista.mercadolivre.com.br/notebooks;2025-07-28 22:06:17.449692
Notebook Samsung Galaxy Book4 Intel® U300 (1.20 Ghz, até 4.4GHz, 8 MB L3 Cache), Windows 11 Home, 8GB, 256GB SSD, UHD Graphics, 15.6'' Full HD LED, 1.55kg;Vikings;4.8;8175.0;4499.0;2899.0;https://lista.mercadolivre.com.br/notebooks;2025-07-28 22:06:17.449692
Notebook Acer Aspire 5 Ryzen 7 15.6 Radeon 512gb 8gb Linux;Mobcom;4.8;979.0;4999.0;3099.0;https://lista.mercadolivre.com.br/notebooks;2025-07-28 22:06:17.449692
Notebook Lenovo T480 Core I5-8ªth 16gb Ssd 240gb Tela Hd Cor Black - Excelente (Recondicionado);Micro Livre;;;;1849.0;https://lista.mercadolivre.com.br/notebooks;2025-07-28 22:06:17.449692
Notebook Acer A515-57-5429 Intel Core i5-12450H 16GB RAM 512GB SSD Tela de 15,6'' Linux Gutta;Mercado Livre;4.8;1456.0;4285.0;2999.0;https://lista.mercadolivre.com.br/notebooks;2025-07-28 22:06:17.449692
Notebook Gamer Acer Nitro V Intel Core i7 13ª Geração 16GB 512GB RTX4050 Linux Gutta 15.6' FHD ANV15-51-7037;Acer Brasil;4.8;1872.0;;7299.0;https://lista.mercadolivre.com.br/notebooks;2025-07-28 22:06:17.449692
Notebook Dell Inspiron I15-i120k-a25p I5 8gb 512gb 15.6 W11;Dell;4.8;1802.0;3698.0;3339.0;https://lista.mercadolivre.com.br/notebooks;2025-07-28 22:06:17.449692
Notebook Asus X515 Intel Celeron Dual Core N4500 4gb Ram 128gb Ssd Windows 11 Home Tela 15,6 Led Hd Slate Grey - Br309ws;;4.7;622.0;;1666.0;https://lista.mercadolivre.com.br/notebooks;2025-07-28 22:06:17.449692
"Notebook Positivo Duo 2 em 1 Intel Celeron C4128B-3 4GB 128GB 11,6"" IPS HD Windows 11";Positivo;4.5;5028.0;1649.0;1349.0;https://lista.mercadolivre.com.br/notebooks;2025-07-28 22:06:17.449692
Notebook Lenovo Ideapad 1i Intel Core i5 - 1235U, 8GB RAM, 512GB SSD, Windows 11 Home, Tela 15,6'' HD - 82VY000QBR;Vikings;4.8;4606.0;4199.0;2999.0;https://lista.mercadolivre.com.br/notebooks;2025-07-28 22:06:17.449692
"Notebook Positivo Vision Intel Core i3 8gb RAM 256gb Ssd Tela 15.6"" Full Hd Linux - Preto";123 Comprou;4.6;115.0;3284.0;2024.0;https://lista.mercadolivre.com.br/notebooks;2025-07-28 22:06:17.449692
Notebook Lenovo Ideapad 1i Celeron Office 365 4gb 128gb W11;Vikings;4.7;418.0;2712.0;1785.0;https://lista.mercadolivre.com.br/notebooks;2025-07-28 22:06:17.449692
Notebook VAIO FE15 Intel Core i5 12th 16GB 512GB SSD Tela 15,6'' Full HD Antirreflexo Windows 11 Home Cinza Grafite B2621H;INPOWER;4.8;692.0;4599.0;3699.0;https://lista.mercadolivre.com.br/notebooks;2025-07-28 22:06:17.449692
Notebook Gamer Acer Nitro V ANV15-51-57WS Intel® Core™ i5-13420H 13ªGeração 512SSD 8GB Nvidia® GeForce® RTX 3050 GDDR6 Linux Gutta 15,6';Acer Brasil;4.8;3389.0;5299.0;4649.0;https://lista.mercadolivre.com.br/notebooks;2025-07-28 22:06:17.449692
Notebook Acer Aspire 15 A15-51M-56KR / Intel® Core™ i5-13420H 13ª geração / 16 GB / 512SSD / 15.6” Full HD;Vikings;4.8;487.0;4855.0;3399.0;https://lista.mercadolivre.com.br/notebooks;2025-07-28 22:06:17.449692
Notebook Positivo Vision C14 Lumina BAR Celeron 4GB 128GB eMMC Tela 14 Polegadas HD Antirreflexo Windows 11 Tecla Link Cinza;Positivo;4.6;4343.0;1799.0;1378.0;https://lista.mercadolivre.com.br/notebooks;2025-07-28 22:06:17.449692
Notebook Acer Aspire 5 A515-45-r0xr Ryzen7 8gb 256gb Ssd 15.6 Full Hd Linux Gutta;Vikings;4.8;749.0;4141.0;2754.0;https://lista.mercadolivre.com.br/notebooks;2025-07-28 22:06:17.449692
"Notebook Acer Aspire 3 Intel Core I3 - N305, 8G RAM, 256GB SSD, Windows 11 Home, Tela 15,6"" Full HD - A315-510P-34XC 110V/220V";Mercado Livre;4.8;8937.0;3682.0;2584.0;https://lista.mercadolivre.com.br/notebooks;2025-07-28 22:06:17.449692
"Notebook ASUS Vivobook Go E1504GA Intel Core i3 N305 8GB Ram 512GB SSD Windows 11 Tela 15,6"" FHD Silver - NJ435W";Asus;4.9;710.0;3199.0;2389.0;https://lista.mercadolivre.com.br/notebooks;2025-07-28 22:06:17.449692
Notebook Acer Gamer Nitro V15 Intel Core i7 13ª Ger. 32GB 512SSD RTX3050 com 6GB GDDR6 Nvidia GeForce Linux Gutta ANV15-51-73BP;Vikings;4.9;179.0;8998.0;6299.0;https://lista.mercadolivre.com.br/notebooks;2025-07-28 22:06:17.449692
Gaming Laptop, Laptop Intel Core I5 Up To 3.60ghz, 16 Inc...;;;;;2376.0;https://lista.mercadolivre.com.br/notebooks;2025-07-28 22:06:17.449692
Notebook Multi Ultra Celeron N4020c 4gb 128gb W11 15,6'' Cinza - Ub261;123 Comprou;4.5;387.0;2055.0;1367.0;https://lista.mercadolivre.com.br/notebooks;2025-07-28 22:06:17.449692
"Notebook Gamer Acer Nitro V Intel Core I5 - 13420H, 8GB Ram, 512GB SSD, NVIDIA RTX4050, Windows 11 Home, Tela 15,6"" Full HD - ANV15-51-54DL";Acer Brasil;4.8;1413.0;;7299.0;https://lista.mercadolivre.com.br/notebooks;2025-07-28 22:06:17.449692
Notebook Positivo Vision C15 Lumina Bar Celeron 4gb 128gb Emmc Tela 15 Hd Antirreflexo Windows 11 Tecla Link Cinza;Positivo;4.6;3435.0;1999.0;1599.0;https://lista.mercadolivre.com.br/notebooks;2025-07-28 22:06:17.449692
Notebook Acer Nitro V15 ANV15-51-58AZ Core I5-13420h 8gb 512gb Rtx 3050 Cor Preto;Mercado Livre;4.8;1236.0;7398.0;4962.0;https://lista.mercadolivre.com.br/notebooks;2025-07-28 22:06:17.449692
Notebook Dell Inspiron I15-i120k-a35p I5 16gb 1tb 15.6 W11;Dell;4.8;2043.0;4399.0;3799.0;https://lista.mercadolivre.com.br/notebooks;2025-07-28 22:06:17.449692
Notebook VAIO FE16 AMD Ryzen 5-5625U Linux 8GB RAM 256GB SSD Wi-Fi 6 Tela 16'' IPS WUXGA Antirreflexo - Cinza Grafite - Vjfe69f11x-b0411h - Permite upgrade de memória RAM e SSD;123 Comprou;4.9;42.0;4998.0;2879.0;https://lista.mercadolivre.com.br/notebooks;2025-07-28 22:06:17.449692
"Notebook Positivo Vision C15 Lumina Bar Celeron, 8GB 128GB eMMC, Tela 15.6"" HD Antirreflexo, Windows 11, Tecla Link, Cinza";Positivo;4.6;1068.0;2798.0;1799.0;https://lista.mercadolivre.com.br/notebooks;2025-07-28 22:06:17.449692
Notebook Lenovo Ideapad 1i Intel Core I3 - 1215U, 4GB RAM, 256GB SSD, Windows 11 Home, Tela 15.6'' - 82VY000TBR Cor cinza;TCN;4.8;1457.0;3569.0;2289.0;https://lista.mercadolivre.com.br/notebooks;2025-07-28 22:06:17.449692
Notebook Positivo Vision R15 Lumina Bar, AMD Ryzen 5 8GB 256GB, Tela 15 polegadas Full HD Antirreflexo, Linux - Preto;Positivo;4.7;43.0;3900.0;2422.0;https://lista.mercadolivre.com.br/notebooks;2025-07-28 22:06:17.449692
Notebook Asus Vivobook Go Core I3 N305 4gb 256ssd W11 Fhd;Mercado Livre;4.7;609.0;2599.0;2368.0;https://lista.mercadolivre.com.br/notebooks;2025-07-28 22:06:17.449692
"Notebook Lenovo IdeaPad 3i Intel Core I3 - 1115G4, 8GB RAM, 256GB SSD, Windows 11 Home, Tela 15,6"" - 82MD0010BR";123 Comprou;4.8;668.0;4141.0;2879.0;https://lista.mercadolivre.com.br/notebooks;2025-07-28 22:06:17.449692
Notebook Lenovo Ideapad 1i I7 12gb 512gb Ssd 15,6 Cloud Grey;Fast Shop;4.8;10.0;4199.0;3620.0;https://lista.mercadolivre.com.br/notebooks;2025-07-28 22:06:17.449692
Notebook Asus Vivobook Go 15 E1504fa Amd Ryzen 5 7520u 8gb Ram 1tb Ssd Linux Keepos Tela 15,6 Fhd Black - Nj1289;;4.7;104.0;5199.0;2664.0;https://lista.mercadolivre.com.br/notebooks;2025-07-28 22:06:17.449692
"Notebook Vaio fe16 amd ryzen 5-5625u linux 12gb 512gb ssd tela 16"" ips wuxga antirreflexo cinza grafite vjfe69f11x-b1211h memória expansível até 64gb";Eshop;4.7;26.0;3849.0;3098.0;https://lista.mercadolivre.com.br/notebooks;2025-07-28 22:06:17.449692
Notebook Acer Vero AV15-53P-56HM Intel® Core™ i5 – 1335U 15.6” Full HD Intel® Iris® Xe 512 GB SSD 8 GB RAM Windows 11 Home;2Eletro;4.9;47.0;4199.0;3599.0;https://lista.mercadolivre.com.br/notebooks;2025-07-28 22:06:17.449692
Notebook Acer Aspire 5 A15-51M-54E6 / Intel Core™ i5-13420H de 13ª Geração / 8GB / 512SSD / Windows 11 Home / 15.6” Full HD;Acer Brasil;4.8;451.0;;3599.0;https://lista.mercadolivre.com.br/notebooks;2025-07-28 22:06:17.449692
"Notebook ThinkPad E14 14"" black 16GB de Ram 256GB SSD Intel Core i5 - Excelente (Recondicionado)";Micro Livre;;;;2506.0;https://lista.mercadolivre.com.br/notebooks;2025-07-28 22:06:17.449692
"Notebook Latitude 3420 14"" preto 8GB de Ram - 256GB SSD - Intel Core i5 - Excelente (Recondicionado)";Micro Livre;;;;2599.0;https://lista.mercadolivre.com.br/notebooks;2025-07-28 22:06:17.449692
"Notebook ASUS Vivobook Go E1504FA AMD Ryzen 5 7520U 8GB Ram 256GB SSD Windows 11 Tela 15,6"" FHD Black - NJ825W";Mercado Livre;4.8;144.0;;2944.0;https://lista.mercadolivre.com.br/notebooks;2025-07-28 22:06:17.449692
Notebook VAIO FE15 Intel Core i5 12ªgen 8GB 512GB SSD Tela 15,6'' Full HD Antirreflexo Linux - Cinza Grafite - VJFE54F11XB2321H;Eshop;4.8;43.0;4950.0;2890.0;https://lista.mercadolivre.com.br/notebooks;2025-07-28 22:06:17.449692
Notebook Vaio Intel Core I7 10ª Geração 16gb Ssd 256gb Cinza (Recondicionado);Canal Eletro;;;;1899.0;https://lista.mercadolivre.com.br/notebooks;2025-07-28 22:06:17.449692
Notebook Dell Inspiron I15-i120k-a15p I3 8gb 512gb 15.6 W11;Dell;4.8;1006.0;2999.0;2829.0;https://lista.mercadolivre.com.br/notebooks;2025-07-28 22:06:17.449692
Notebook Lenovo V14 Amd R5 7520u 8gb 256gb Ssd W11 Pro Preto;2Eletro;4.0;5.0;4110.0;3199.0;https://lista.mercadolivre.com.br/notebooks;2025-07-28 22:06:17.449692
Notebook Dell Inspiron I15-i120k-u25m 15.6  Full Hd 12ª Gera Preto;Dell;4.8;8.0;3319.0;3069.0;https://lista.mercadolivre.com.br/notebooks;2025-07-28 22:06:17.449692
"Notebook Lenovo IdeaPad 3i Intel Core I3 - 1115G4, 8GB RAM, 256GB SSD, Windows 11 Home, Tela 15,6"" - 82MD0010BR";123 Comprou;4.8;668.0;4141.0;2879.0;https://lista.mercadolivre.com.br/notebooks;2025-07-28 22:06:17.449692
"Notebook Vaio Fe16 Amd Ryzen 5-5625u Windows 11 Home 8gb RAM 256gb Ssd Wi-Fi 6 Tela 16"" Ips Wuxga Antirreflexo - Cinza Grafite - Vjfe69f11x-b0421h - Permite upgrade de memória RAM e SSD";Loi Brasil;5.0;1.0;4666.0;3299.0;https://lista.mercadolivre.com.br/notebooks;2025-07-28 22:06:17.449692
Notebook VAIO FE15 Intel Core i5 12ªgen 8GB 512GB SSD Tela 15,6'' Full HD Antirreflexo Linux - Cinza Grafite - VJFE54F11XB2321H;Eshop;4.8;43.0;4950.0;2890.0;https://lista.mercadolivre.com.br/notebooks;2025-07-28 22:06:17.449692
Notebook Vaio Intel Core I7 10ª Geração 16gb Ssd 256gb Cinza (Recondicionado);Canal Eletro;;;;1899.0;https://lista.mercadolivre.com.br/notebooks;2025-07-28 22:06:17.449692
Notebook Dell Inspiron I15-i120k-a15p I3 8gb 512gb 15.6 W11;Dell;4.8;1006.0;2999.0;2829.0;https://lista.mercadolivre.com.br/notebooks;2025-07-28 22:06:17.449692
Notebook Lenovo V14 Amd R5 7520u 8gb 256gb Ssd W11 Pro Preto;2Eletro;4.0;5.0;4110.0;3199.0;https://lista.mercadolivre.com.br/notebooks;2025-07-28 22:06:17.449692
Apple Macbook air 13 M4 16gb Ram 256gb Ssd Meia-noite;;;;;9699.0;https://lista.mercadolivre.com.br/notebooks;2025-07-28 22:06:17.449692
Notebook Samsung Galaxy Book4 Intel® Core™ i5-1335U, Windows 11 Home, 8GB, 256GB SSD, Iris Xe, 15.6'' Full HD LED, 1.55kg;Vikings;4.9;1356.0;5712.0;3899.0;https://lista.mercadolivre.com.br/notebooks;2025-07-28 22:06:17.449692
Notebook Lenovo Ideapad 1i Intel Core i5 - 1235U, 8GB RAM, 512GB SSD, Windows 11 Home, Tela 15,6'' HD - 82VY000QBR;Vikings;4.8;4606.0;4199.0;2999.0;https://lista.mercadolivre.com.br/notebooks;2025-07-28 22:06:17.449692
Notebook VAIO FE15 Intel Core i5 12th 16GB 512GB SSD Tela 15,6'' Full HD Antirreflexo Windows 11 Home Cinza Grafite B2621H;INPOWER;4.8;692.0;4599.0;3699.0;https://lista.mercadolivre.com.br/notebooks;2025-07-28 22:06:17.449692
Notebook Asus Vivobook 15 X1504va Intel Core I5 1334u 8gb Ram 512gb Ssd Intel Iris Xe Windows 11 Home Tela 15,6 Fhd Silver - Nj1740w;Asus;5.0;19.0;3599.0;3113.0;https://lista.mercadolivre.com.br/notebooks;2025-07-28 22:06:17.449692
Notebook Hp Probook 440 G9 Intel Core I3-1215u 14 Intel Uhd 256gb 8gb Ram Windows 11 Pro- 839y2la#ak4;HP;4.9;20.0;4944.0;2469.0;https://lista.mercadolivre.com.br/notebooks;2025-07-28 22:06:17.449692
Notebook Lenovo LOQ-e 15iax9e Intel Core i5-12450hx 16gb 512gb Ssd Rtx 3050 Windows 11 15.6 - 83me0007br Luna Grey;Lenovo;4.9;419.0;5859.0;4799.0;https://lista.mercadolivre.com.br/notebooks;2025-07-28 22:06:17.449692
"Notebook Gamer Acer Nitro V15 I7-13620h 13ªGen 8gb 512gb Rtx3050 6gb Linux 15.6"" FHD Preto - Anv15-51-7837";Eshop;4.8;80.0;7419.0;4929.0;https://lista.mercadolivre.com.br/notebooks;2025-07-28 22:06:17.449692
"Notebook Vaio Fe16 Amd Ryzen 7-5825u Linux 16gb RAM 512gb Ssd Wi-Fi 6 Tela 16"" Ips Wuxga Antirreflexo Cinza Grafite Vjfe69f11xb0121h - Permite upgrade de memória RAM e SSD";Vaio;4.8;68.0;4799.0;3299.0;https://lista.mercadolivre.com.br/notebooks;2025-07-28 22:06:17.449692
"Notebook Lenovo IdeaPad 1i Intel Core i3-1215U 4GB 256GB SSD Linux 14"" 83AFS00500";Lenovo;4.8;5440.0;2199.0;1914.0;https://lista.mercadolivre.com.br/notebooks;2025-07-28 22:06:17.449692
Notebook Multi Ultra Celeron N4020c 4gb 128gb W11 15,6'' Cinza - Ub261;123 Comprou;4.5;387.0;2055.0;1367.0;https://lista.mercadolivre.com.br/notebooks;2025-07-28 22:06:17.449692
Notebook Acer Aspire 5 Ryzen 7 15.6 Radeon 512gb 8gb Linux;Mobcom;4.8;979.0;4999.0;3099.0;https://lista.mercadolivre.com.br/notebooks;2025-07-28 22:06:17.449692
Notebook VAIO FE16 AMD Ryzen 5-5625U Linux 8GB RAM 256GB SSD Wi-Fi 6 Tela 16'' IPS WUXGA Antirreflexo - Cinza Grafite - Vjfe69f11x-b0411h - Permite upgrade de memória RAM e SSD;123 Comprou;4.9;42.0;4998.0;2879.0;https://lista.mercadolivre.com.br/notebooks;2025-07-28 22:06:17.449692
"Notebook Lenovo IdeaPad 1 15IAU7 Intel Core i7-1255U HD 15.6"" Intel Iris Xe 512GB SSD 12GB RAM Windows 11- 82VY000PBR";Login;4.7;264.0;4999.0;3799.0;https://lista.mercadolivre.com.br/notebooks;2025-07-28 22:06:17.449692
Notebook Samsung Galaxy Book4 Intel® Core™ i5-1335U, Windows 11 Home, 8GB, 256GB SSD, Iris Xe, 15.6'' Full HD LED, 1.55kg;Vikings;4.9;1356.0;5712.0;3899.0;https://lista.mercadolivre.com.br/notebooks;2025-07-28 22:06:17.449692
Notebook Vaio Fe15 - Intel Core I3 12th, 8gb 256gb Ssd, Tela 15,6'' Full Hd Antirreflexo, Linux - Vjfe54f11x-b0921h - Cinza Grafite;Eshop;5.0;1.0;3900.0;2535.0;https://lista.mercadolivre.com.br/notebooks;2025-07-28 22:06:17.449692
Notebook Lenovo Ideapad 1i Intel I5-1235u 8gb 512gb 15,6 W11;2Eletro;4.8;24.0;3999.0;3059.0;https://lista.mercadolivre.com.br/notebooks;2025-07-28 22:06:17.449692
Notebook Asus Vivobook 15 X1504va Intel Core I5 1334u 8gb Ram 256gb Ssd Windows 11 Home Intel Iris Xe Tela 15,6 Led Fhd Blue - Nj1737w;Mercado Livre;5.0;2.0;3249.0;2910.0;https://lista.mercadolivre.com.br/notebooks;2025-07-28 22:06:17.449692
Notebook Acer Aspire 15 555Q Intel Ci5 13gen 8gb 256ssd W11;Mercado Livre;4.8;482.0;4372.0;2699.0;https://lista.mercadolivre.com.br/notebooks;2025-07-28 22:06:17.449692
Notebook Positivo Vision C15 Lumina Bar Celeron 8gb 128gb Emmc 15 Hd Linux - Cinza;123 Comprou;;;3123.0;1664.0;https://lista.mercadolivre.com.br/notebooks;2025-07-28 22:06:17.449692
Notebook Lenovo T490 Core I5 8365u 1.6ghz Ssd 256gb 16gb 8ª Cor Preto;;4.1;7.0;;2099.0;https://lista.mercadolivre.com.br/notebooks;2025-07-28 22:06:17.449692
Notebook Asus Vivobook 15 X1504va Intel Core I5 1334u 16gb Ram 512gb Ssd Windows 11 Home Tela 15,6 Led Fhd Blue - Nj1745w;Asus;4.4;7.0;4399.0;3809.0;https://lista.mercadolivre.com.br/notebooks;2025-07-28 22:06:17.449692
"Notebook Acer Aspire 5 Intel Core I5 - 12450H 8GB RAM 256GB SSD Windows 11 Home Tela 15,6"" Full HD A515-57-55B8 Bivolt";Mercado Livre;4.8;7661.0;4117.0;3096.0;https://lista.mercadolivre.com.br/notebooks;2025-07-28 22:06:17.449692
Notebook Vaio Fe15 Amd Ryzen 5 8gb Ram 256gb Windows 11 Home Cor Cinza;;4.8;81.0;3563.0;3076.0;https://lista.mercadolivre.com.br/notebooks;2025-07-28 22:06:17.449692
Notebook Acer Aspire 5 15.6 Fhd I5-12450h 256gb Ssd 8gb Cor Cinza;Itotal;4.6;116.0;3990.0;2747.0;https://lista.mercadolivre.com.br/notebooks;2025-07-28 22:06:17.449692
Notebook Hp 256r G9 Intel Core I5-1335u 15.6 Hd Intel Uhd Graphics 256gb Ssd 8gb Ram Windows 11 Home 64 Sl- Ay6z4la#ak4;HP;4.8;239.0;3517.0;2799.0;https://lista.mercadolivre.com.br/notebooks;2025-07-28 22:06:17.449692
Notebook Dell Inspiron 5402 Core I5 11th 8gb 256gb Ssd Win10 - Excelente (Recondicionado);Micro Livre;;;2999.0;2789.0;https://lista.mercadolivre.com.br/notebooks;2025-07-28 22:06:17.449692
"Notebook Vaio Fe16 Amd Ryzen 7-5825u Linux 32gb RAM 512gb Ssd Wi-Fi 6 Tela 16"" Ips Wuxga Antirreflexo - Cinza Grafite - Vjfe69f11xb0221h - - Permite upgrade de memória RAM e SSD";Vaio;4.8;37.0;4999.0;3799.0;https://lista.mercadolivre.com.br/notebooks;2025-07-28 22:06:17.449692
Notebook Hp 250r G9 Intel Core I5 1335u 8gb 256gb Ssd 15.6 W11 Pro Ay6w3la;2Eletro;4.3;11.0;3610.0;3099.0;https://lista.mercadolivre.com.br/notebooks;2025-07-28 22:06:17.449692
Notebook ASUS Vivobook Go 15 E1504FA AMD Ryzen 3 7320U 4Gb Ram 128Gb SSD Windows 11 Home Tela 15,6 FHD Mixed Black - NJ1364W;;4.7;104.0;2900.0;2262.0;https://lista.mercadolivre.com.br/notebooks;2025-07-28 22:06:17.449692
Notebook Hp 256r G9 Intel Core I3-1315u 15.6 Hd Intel Uhd Graphics 256gb Ssd 8gb Ram Windows 11 Home 64 Sl - AN1A2LA#AK4;HP;4.8;285.0;3232.0;2499.0;https://lista.mercadolivre.com.br/notebooks;2025-07-28 22:06:17.449692
Notebook Samsung Book4 I5-1335u 8gb 256gb Ssd 15,6 Full Hd Windows 11 Pro Np754xgj-kg5br 110v/220v;2Eletro;4.9;62.0;4398.0;3899.0;https://lista.mercadolivre.com.br/notebooks;2025-07-28 22:06:17.449692
Notebook Dell Inspiron I15-i120k-a10p 15.6 I3 8gb 256gb W11;Dell;4.8;1177.0;;3132.0;https://lista.mercadolivre.com.br/notebooks;2025-07-28 22:06:17.449692
Notebook Dell 15.6 Fhd I5 8gb 512gb Ssd Rtx 3050;Dell;4.9;95.0;;5460.0;https://lista.mercadolivre.com.br/notebooks;2025-07-28 22:06:17.449692
Notebook Samsung Galaxy Book3 360 Intel Core I5 1335U, 8GB, 256GB SSD Tela 13.3' Windows11H - NP730QFG-KF2BR;;4.8;70.0;;5636.0;https://lista.mercadolivre.com.br/notebooks;2025-07-28 22:06:17.449692
Notebook Lenovo Ideapad 1i I5 1235u 8gb 512gb Ssd Win11 Home;Eshop;5.0;1.0;3959.0;2925.0;https://lista.mercadolivre.com.br/notebooks;2025-07-28 22:06:17.449692
Notebook Dell Latitude 7490 I7 8° 16gb Ssd 512gb Win 11;;4.3;4.0;;2871.0;https://lista.mercadolivre.com.br/notebooks;2025-07-28 22:06:17.449692
Notebook Lenovo Thinkpad T495 Ryzen 5 Pro Ram 8gb Ssd 256gb;Micro Livre;;;2499.0;1574.0;https://lista.mercadolivre.com.br/notebooks;2025-07-28 22:06:17.449692
Notebook Positivo Vision R15 Lumina Bar, Amd Ryzen 7 8gb 256gb, Tela 15 Full Hd Antirreflexo, Linux - Preto;Positivo;4.7;109.0;3599.0;2499.0;https://lista.mercadolivre.com.br/notebooks;2025-07-28 22:06:17.449692
"Notebook Lenovo Ideapad 1i Intel Core i3 1215U 4GB 256GB Linux 15,6"" HD 82VYS00600";;4.8;5440.0;;2499.0;https://lista.mercadolivre.com.br/notebooks;2025-07-28 22:06:17.449692
Notebook Gamer ASUS TUF Gaming A15, Ryzen 7, RTX 2050, 8GB RAM, 512GB SSD, Tela 15.6 IPS 144Hz, Linux KeepOS, Graphite Black - FA506NFR-HN069;Asus;4.8;122.0;5299.0;4899.0;https://lista.mercadolivre.com.br/notebooks;2025-07-28 22:06:17.449692
Notebook 2 Em 1 Dell Inspiron 2in1-i1300-m10c 14  Fhd+ Touch Prata Gelo;Dell;5.0;2.0;6179.0;5759.0;https://lista.mercadolivre.com.br/notebooks;2025-07-28 22:06:17.449692
Notebook Lenovo Thinkpad T470 Core I5 6ta 240gb + 8gb Cor Preto - Excelente (Recondicionado);;;;1789.0;1413.0;https://lista.mercadolivre.com.br/notebooks;2025-07-28 22:06:17.449692
Notebook Lenovo Ideapad 1 Ryzen 5 - 7520u 8gb 512gb Ssd Linux 15.6 82X5S00500;Lenovo;4.8;1021.0;2699.0;2379.0;https://lista.mercadolivre.com.br/notebooks;2025-07-28 22:06:17.449692
Notebook Positivo Vision C15 Lumina Bar Celeron, 8gb 256gb Emmc, Tela 15 Polegadas Hd Antirreflexo, Linux, Tecla Link, Cinza;Positivo;4.7;183.0;2199.0;1599.0;https://lista.mercadolivre.com.br/notebooks;2025-07-28 22:06:17.449692
Notebook Samsung Galaxy Book4, Windows 11 Home, Intel® Core 5, 16gb, 512gb Ssd, Nvidia® Geforce® Mx570, 15.6'' Full Hd Led, Fingerprint - Grafite;Samsung;4.7;16.0;5849.0;5556.0;https://lista.mercadolivre.com.br/notebooks;2025-07-28 22:06:17.449692
Notebook Dell Inspiron I15-i120k-u25m 15.6  Full Hd 12ª Gera Preto;Dell;4.8;8.0;3319.0;3069.0;https://lista.mercadolivre.com.br/notebooks;2025-07-28 22:06:17.449692
"Notebook Lenovo IdeaPad 3i Intel Core I3 - 1115G4, 8GB RAM, 256GB SSD, Windows 11 Home, Tela 15,6"" - 82MD0010BR";123 Comprou;4.8;668.0;4141.0;2879.0;https://lista.mercadolivre.com.br/notebooks;2025-07-28 22:06:17.449692
"Notebook Vaio Fe16 Amd Ryzen 5-5625u Windows 11 Home 8gb RAM 256gb Ssd Wi-Fi 6 Tela 16"" Ips Wuxga Antirreflexo - Cinza Grafite - Vjfe69f11x-b0421h - Permite upgrade de memória RAM e SSD";Loi Brasil;5.0;1.0;4666.0;3299.0;https://lista.mercadolivre.com.br/notebooks;2025-07-28 22:06:17.449692
Notebook Positivo Vision C15 Lumina Bar Celeron, 8gb 256gb Emmc, Tela 15 Polegadas Hd Antirreflexo, Linux, Tecla Link, Cinza;Positivo;4.7;183.0;2199.0;1599.0;https://lista.mercadolivre.com.br/notebooks;2025-07-28 22:06:17.449692
Notebook Samsung Galaxy Book4, Windows 11 Home, Intel® Core 5, 16gb, 512gb Ssd, Nvidia® Geforce® Mx570, 15.6'' Full Hd Led, Fingerprint - Grafite;Samsung;4.7;16.0;5849.0;5556.0;https://lista.mercadolivre.com.br/notebooks;2025-07-28 22:06:17.449692
Notebook Asus Vivobook 16 Intel Core I7 1355U 16GB RAM 1TB SSD Windows 11 Home Tela 16 Fhd Cool Silver – X1605VA-MB764W;Mercado Livre;4.8;154.0;;5159.0;https://lista.mercadolivre.com.br/notebooks;2025-07-28 22:06:17.449692
Notebook Thinkpad T460 I5 8gb/ssd240gb Windows10pro Digital - Bom (Recondicionado);;;;1550.0;1271.0;https://lista.mercadolivre.com.br/notebooks;2025-07-28 22:06:17.449692
"Notebook ASUS VivoBook Go 15 AMD Ryzen 5 7520U 8GB 512GB SSD KeepOS Tela 15,6"" FHD Mixed Black - E1504FA-NJ732";Asus;4.8;1070.0;2899.0;2464.0;https://lista.mercadolivre.com.br/notebooks;2025-07-28 22:06:17.449692
Notebook Samsung Galaxy Book4 Intel® Core™ i5-1335U, Windows 11 Home, 8GB, 256GB SSD, Iris Xe, 15.6'' Full HD LED, 1.55kg;Vikings;4.9;1356.0;5712.0;3899.0;https://lista.mercadolivre.com.br/notebooks;2025-07-28 22:06:17.449692
Notebook Lenovo Ideapad 1i Intel Core i5 - 1235U, 8GB RAM, 512GB SSD, Windows 11 Home, Tela 15,6'' HD - 82VY000QBR;Vikings;4.8;4606.0;4199.0;2999.0;https://lista.mercadolivre.com.br/notebooks;2025-07-28 22:06:17.449692
Notebook VAIO FE15 Intel Core i5 12th 16GB 512GB SSD Tela 15,6'' Full HD Antirreflexo Windows 11 Home Cinza Grafite B2621H;INPOWER;4.8;692.0;4599.0;3699.0;https://lista.mercadolivre.com.br/notebooks;2025-07-28 22:06:17.449692
Notebook Asus Vivobook 15 X1504va Intel Core I5 1334u 16gb Ram 512gb Ssd Linux Keepos Intel Iris Xe Tela 15,6 Led Fhd Blue - Nj1746;Asus;4.9;29.0;3699.0;3113.0;https://lista.mercadolivre.com.br/notebooks;2025-07-28 22:06:17.449692
"Notebook ASUS TUF Gaming F15 Intel Core i7 13620H RTX4060 16GB RAM 512GB SSD Windows 11 Home Tela 165Hz Nivel IPS 15,6"" FHD Mecha Gray - FX507VV-HQ333W";Mercado Livre;4.8;21.0;11499.0;8796.0;https://lista.mercadolivre.com.br/notebooks;2025-07-28 22:06:17.449692
Notebook Asus Vivobook S14 S3407va Intel Core I7 13620h 16gb Ram 512gb Ssd Windows 11 Tela 14 Led Fhd Silver - Ly043w;Asus;;;5999.0;5329.0;https://lista.mercadolivre.com.br/notebooks;2025-07-28 22:06:17.449692
Notebook Dell Inspiron 15 Intel I7 1255u 8gb 512gb Ssd Preto;Login;;;4999.0;4699.0;https://lista.mercadolivre.com.br/notebooks;2025-07-28 22:06:17.449692
Notebook I5 8350u Ssd 240 Gb 8gb Ddr4 Usb C Hdmi Lan T480;;5.0;1.0;1894.0;1704.0;https://lista.mercadolivre.com.br/notebooks;2025-07-28 22:06:17.449692
Notebook Lenovo Ideapad 1 Ryzen 3 7320U 4gb 256gb SSD Linux 15.6 HD 82x5s00600;Lenovo;4.7;288.0;2099.0;1849.0;https://lista.mercadolivre.com.br/notebooks;2025-07-28 22:06:17.449692
Notebook Multi Ultra Celeron N4020c 4gb 128gb W11 15,6'' Cinza - Ub261;123 Comprou;4.5;387.0;2055.0;1367.0;https://lista.mercadolivre.com.br/notebooks;2025-07-28 22:06:17.449692
Notebook Acer Aspire 5 Ryzen 7 15.6 Radeon 512gb 8gb Linux;Mobcom;4.8;979.0;4999.0;3099.0;https://lista.mercadolivre.com.br/notebooks;2025-07-28 22:06:17.449692
Notebook VAIO FE16 AMD Ryzen 5-5625U Linux 8GB RAM 256GB SSD Wi-Fi 6 Tela 16'' IPS WUXGA Antirreflexo - Cinza Grafite - Vjfe69f11x-b0411h - Permite upgrade de memória RAM e SSD;123 Comprou;4.9;42.0;4998.0;2879.0;https://lista.mercadolivre.com.br/notebooks;2025-07-28 22:06:17.449692
"Notebook Lenovo Ideapad Intel Celeron - N4020, 4GB RAM, 128SSD, Windows 11 Home C/office, Tela Led 15,6"", Cor Cinza - 82VX0001BR";Eletro2U;4.7;1853.0;2499.0;1849.0;https://lista.mercadolivre.com.br/notebooks;2025-07-28 22:06:17.449692
Notebook Asus X515ka-br309ws Celeron 4gb 128gb W11 Home 15,8;2Eletro;5.0;1.0;2373.0;1769.0;https://lista.mercadolivre.com.br/notebooks;2025-07-28 22:06:17.449692
"Notebook Acer Aspire 3 Intel Core i3– N305 FHD 15.6"" LED TN UHD para processadores Inte 256GB SDD 8GB RAM Debian 64 bits Prata - A315-510P-320B";Eshop;4.9;399.0;3190.0;2429.0;https://lista.mercadolivre.com.br/notebooks;2025-07-28 22:06:17.449692
Notebook Positivo Vision C14 Lumina Bar Celeron 8gb 256gb Emmc Tela 14 Polegadas Hd Antirreflexo Linux Tecla Link - Cinza;Positivo;4.5;460.0;2099.0;1399.0;https://lista.mercadolivre.com.br/notebooks;2025-07-28 22:06:17.449692
Notebook Hp Elitebook 845 G8 Ryzen 3 Pro 16gb Ram 256gb Ssd Prata (Recondicionado);;;;;2149.0;https://lista.mercadolivre.com.br/notebooks;2025-07-28 22:06:17.449692
"Notebook Lenovo Yoga Slim 7i Intel Core Ultra 5 125H 16gb RAM 512gb SSD Windows 11 Home Tela 14"" 83GM0003BR";Fast Shop;4.9;14.0;5796.0;4997.0;https://lista.mercadolivre.com.br/notebooks;2025-07-28 22:06:17.449692
Notebook Lenovo Ideapad 1i Intel I5-1235u 8gb 512gb 15,6 W11;2Eletro;4.8;20.0;3699.0;3299.0;https://lista.mercadolivre.com.br/notebooks;2025-07-28 22:06:17.449692
Notebook Positivo Vision C14 Intel® Celeron® Linux 4GB 128GB eMMC 14” HD Lumina BAR – Cinza;Positivo;4.6;4343.0;1849.0;1229.0;https://lista.mercadolivre.com.br/notebooks;2025-07-28 22:06:17.449692
Notebook Asus Vivobook 15 X1504va Intel Core I5 1334u 8gb Ram 256gb Ssd Linux Keepos Intel Iris Xe Tela 15,6 Led Fhd Silver - Nj1739;Mercado Livre;5.0;7.0;;3199.0;https://lista.mercadolivre.com.br/notebooks;2025-07-28 22:06:17.449692
Notebook Asus Vivobook 16 X1607qa Qualcomm Snapdragon X1 26 100 16gb Ram 512gb Ssd Windows 11 Home Tela 16 Fhd Silver - Mb062w;Asus;;;5299.0;4709.0;https://lista.mercadolivre.com.br/notebooks;2025-07-28 22:06:17.449692
Notebook Lenovo Ideapad 1i Intel Core I3 - 1215U, 4GB RAM, 256GB SSD, Windows 11 Home, Tela 15.6'' - 82VY000TBR Cor cinza - Excelente (Recondicionado);Vikings;;;;2199.0;https://lista.mercadolivre.com.br/notebooks;2025-07-28 22:06:17.449692
Notebook Positivo Vision R15 Lumina Bar Amd Ryzen 5 16gb 512gb, Tela 15 Full Hd Antirreflexo, Linux - Preto;Positivo;4.3;36.0;3899.0;2649.0;https://lista.mercadolivre.com.br/notebooks;2025-07-28 22:06:17.449692
Notebook Asus Tuf Gaming F16 Fx607vu Rtx4050 Intel Core 5 210h 16gb Ram 512gb Ssd Windows 11 Tela Nível Ips 16 Led 144hz Gray - Rl053w;;4.8;10.0;7999.0;7249.0;https://lista.mercadolivre.com.br/notebooks;2025-07-28 22:06:17.449692
Notebook Lenovo Intel Core I5 8350u 8gb Ddr4 Ssd M.2 256gb - Excelente (Recondicionado);Micro Livre;;;2199.0;1539.0;https://lista.mercadolivre.com.br/notebooks;2025-07-28 22:06:17.449692
Notebook Acer Vero Av15-53p-56hm I5 8gb 512gb Nx.kpual.001;2Eletro;;;6099.0;3699.0;https://lista.mercadolivre.com.br/notebooks;2025-07-28 22:06:17.449692
"Notebook ASUS Vivobook 15 M1502YA AMD Ryzen 7 5825U 16GB Ram 1TB SSD Linux KeepOS 15,6"" FHD Cool Silver - NJ613";;5.0;2.0;;3199.0;https://lista.mercadolivre.com.br/notebooks;2025-07-28 22:06:17.449692
"Notebook ASUS Vivobook Go 15 E1504FA-NJ836W AMD Ryzen 5 7520U 2,8 GHz 8GB 512GB SSD Windows 11 Home 15,6"" Full Hd Preto";Login;4.8;434.0;3599.0;3199.0;https://lista.mercadolivre.com.br/notebooks;2025-07-28 22:06:17.449692
Notebook Asus Zenbook S14 Oled Ux5406sa Intel Core Ultra 7 256v 16gb Ram 1tb Ssd Windows 11 Home Tela 14 Fhd 120hz Gray - Pz176w;Asus;;;9999.0;8719.0;https://lista.mercadolivre.com.br/notebooks;2025-07-28 22:06:17.449692
Notebook Asus Vivobook Go 15 E1504fa Amd Ryzen 3 7320u 4gb Ram 128gb Ssd Linux Keepos Tela 15,6 Fhd Black - Nj1291;Asus;4.6;268.0;1999.0;1709.0;https://lista.mercadolivre.com.br/notebooks;2025-07-28 22:06:17.449692
Notebook Gamer Acer Nitro V15 I5-13420h 512gb 8gb Rtx 3050;INPOWER;;;;7399.0;https://lista.mercadolivre.com.br/notebooks;2025-07-28 22:06:17.449692
"Notebook Vaio Fe16 Amd Ryzen 5-5625u Windows 11 Home 8gb RAM 256gb Ssd Wi-Fi 6 Tela 16"" Ips Wuxga Antirreflexo - Cinza Grafite - Vjfe69f11x-b0421h - Permite upgrade de memória RAM e SSD";Loi Brasil;5.0;1.0;4666.0;3299.0;https://lista.mercadolivre.com.br/notebooks;2025-07-28 22:06:17.449692
Notebook Acer Vero AV15-53P-51MR Intel Core i5 – 1335U de 13ªG 8GB 512GB SSD W11 15.6 FHD;Acer Brasil;;;;7999.0;https://lista.mercadolivre.com.br/notebooks;2025-07-28 22:06:17.449692
Notebook Lenovo LOQ-e 15iax9e Intel Core i5-12450hx 16gb 512gb Ssd Rtx 3050 Linux 15.6 - 83mes00000 Luna Grey;Lenovo;4.9;110.0;5299.0;4579.0;https://lista.mercadolivre.com.br/notebooks;2025-07-28 22:06:17.449692
Dell Latitude 3450 i5-1335U SSD de 256 GB Ddr5 Hd Win11 Pro Cinza;;;;;5549.0;https://lista.mercadolivre.com.br/notebooks;2025-07-28 22:06:17.449692
Notebook Positivo Vision R15 Lumina Bar, Amd Ryzen 5 16gb 512gb, Tela 15 Polegadas Full Hd Antirreflexo, Windows 11 Home Tecla Copilot - Preto;Positivo;4.6;34.0;4099.0;2999.0;https://lista.mercadolivre.com.br/notebooks;2025-07-28 22:06:17.449692
Notebook Asus Zenbook 14 Oled Ux3405ma Intel Core Ultra 9 185h Ai 32gb Ram 1tb Ssd Windows 11 Home Tela 14 Blue - Pp809w;Asus;4.2;10.0;11599.0;9859.0;https://lista.mercadolivre.com.br/notebooks;2025-07-28 22:06:17.449692
"Notebook Gamer Dell G15-i1300-D35P 15.6"" FHD 13ª Geração Intel Core i5 16GB 512GB SSD NVIDIA RTX 3050 Linux";;4.8;245.0;;5990.0;https://lista.mercadolivre.com.br/notebooks;2025-07-28 22:06:17.449692
Notebook Dell Core I5 10th Gen 16gb Ram 256gb Ssd Windows 11 Prateado (Recondicionado);;;;;1990.0;https://lista.mercadolivre.com.br/notebooks;2025-07-28 22:06:17.449692
"Notebook ASUS Vivobook Go 15 E510KA Intel Celeron Dual Core N4500 4GB Ram 128GB EMMC Windows 11 Home 15,60"" HD Black - BR808WS";Asus;4.4;108.0;1999.0;1719.0;https://lista.mercadolivre.com.br/notebooks;2025-07-28 22:06:17.449692
Notebook Lenovo Ideapad Slim 3 15irh10 Intel Core i5-13420h 16gb 512gb Ssd Windows 11 15.3 - 83ns0001br Luna Grey;Lenovo;4.5;4.0;;3419.0;https://lista.mercadolivre.com.br/notebooks;2025-07-28 22:06:17.449692
Notbook Lenovo T480 Intel Core I5-83350u 16gb Ssd 256gb 14 - Excelente (Recondicionado);Micro Livre;;;;1849.0;https://lista.mercadolivre.com.br/notebooks;2025-07-28 22:06:17.449692
Notebook Asus Vivobook 15 M1502ya Amd Ryzen 7 5825u 16gb Ram 512gb Ssd Windows 11 Home Tela 15.6 Led Fhd Silver - Nj655w;Asus;4.8;12.0;4599.0;3404.0;https://lista.mercadolivre.com.br/notebooks;2025-07-28 22:06:17.449692
Notebook Lenovo LOQ 15irx9 Intel Core i7-13650hx 16gb 512gb Ssd Rtx 4050 Linux 15.6 - 83khs00100 Luna Grey;Lenovo;4.9;14.0;7599.0;6629.0;https://lista.mercadolivre.com.br/notebooks;2025-07-28 22:06:17.449692
Notebook Gamer Lenovo Loq-e Ci5 Rtx3050 512gb 16gb W11+ubook;Mobcom;4.8;19.0;6657.0;4699.0;https://lista.mercadolivre.com.br/notebooks;2025-07-28 22:06:17.449692
"Notebook ASUS Vivobook 15 M1502YA AMD Ryzen 7 5825U 16GB Ram 512GB SSD Linux KeepOS 15,6"" FHD Cool Silver - NJ612";Asus;;;3899.0;3230.0;https://lista.mercadolivre.com.br/notebooks;2025-07-28 22:06:17.449692
Notebook Dell Inspiron I15-i120k-u25m 15.6  Full Hd 12ª Gera Preto;Dell;4.8;8.0;3319.0;3069.0;https://lista.mercadolivre.com.br/notebooks;2025-07-28 22:06:17.449692
"Notebook Lenovo IdeaPad 3i Intel Core I3 - 1115G4, 8GB RAM, 256GB SSD, Windows 11 Home, Tela 15,6"" - 82MD0010BR";123 Comprou;4.8;668.0;4141.0;2879.0;https://lista.mercadolivre.com.br/notebooks;2025-07-28 22:06:17.449692
"Notebook Vaio Fe16 Amd Ryzen 5-5625u Windows 11 Home 8gb RAM 256gb Ssd Wi-Fi 6 Tela 16"" Ips Wuxga Antirreflexo - Cinza Grafite - Vjfe69f11x-b0421h - Permite upgrade de memória RAM e SSD";Loi Brasil;5.0;1.0;4666.0;3299.0;https://lista.mercadolivre.com.br/notebooks;2025-07-28 22:06:17.449692
"Notebook ASUS Vivobook 15 M1502YA AMD Ryzen 7 5825U 16GB Ram 512GB SSD Linux KeepOS 15,6"" FHD Cool Silver - NJ612";Asus;;;3899.0;3230.0;https://lista.mercadolivre.com.br/notebooks;2025-07-28 22:06:17.449692
Notebook Dell Latitude 3400 I5 8a Geração 16gb Ram 240gb Ssd;;5.0;1.0;2499.0;2374.0;https://lista.mercadolivre.com.br/notebooks;2025-07-28 22:06:17.449692
Notebook Dell, Lat 3490, Tela 14'', I5 7a Ger, 8gb, Ssd256gb - Bom (Recondicionado);;;;2348.0;1479.0;https://lista.mercadolivre.com.br/notebooks;2025-07-28 22:06:17.449692
Notebook Asus Vivobook 16 X1605va Intel Core I7 1355u 8gb Ram 512gb Ssd Linux Keepos Tela 16 Ips Fhd Silver - Mb742;Asus;4.9;57.0;4199.0;3250.0;https://lista.mercadolivre.com.br/notebooks;2025-07-28 22:06:17.449692
Notebook Samsung Galaxy Book4 Intel® Core™ i5-1335U, Windows 11 Home, 8GB, 256GB SSD, Iris Xe, 15.6'' Full HD LED, 1.55kg;Vikings;4.9;1356.0;5712.0;3899.0;https://lista.mercadolivre.com.br/notebooks;2025-07-28 22:06:17.449692
Notebook Multi Ultra Celeron N4020c 4gb 128gb W11 15,6'' Cinza - Ub261;123 Comprou;4.5;387.0;2055.0;1367.0;https://lista.mercadolivre.com.br/notebooks;2025-07-28 22:06:17.449692
Notebook VAIO FE16 AMD Ryzen 5-5625U Linux 8GB RAM 256GB SSD Wi-Fi 6 Tela 16'' IPS WUXGA Antirreflexo - Cinza Grafite - Vjfe69f11x-b0411h - Permite upgrade de memória RAM e SSD;123 Comprou;4.9;42.0;4998.0;2879.0;https://lista.mercadolivre.com.br/notebooks;2025-07-28 22:06:17.449692
Notebook Asus Celeron N4020 15.6 128gb W11h X515ma-br933ws;;4.7;665.0;1899.0;1785.0;https://lista.mercadolivre.com.br/notebooks;2025-07-28 22:06:17.449692
Notebook Lenovo Thinkpad T480 I5-8º 8gb 240gb Ssd Vitrine Cor Black - Excelente (Recondicionado);Micro Livre;;;2499.0;1674.0;https://lista.mercadolivre.com.br/notebooks;2025-07-28 22:06:17.449692
Notebook Lenovo E14 Thinkpad Core Ultra 7 155u 32gb 1tb Ssd Preto (Recondicionado);;;;7999.0;4559.0;https://lista.mercadolivre.com.br/notebooks;2025-07-28 22:06:17.449692
Notebook Lenovo V14 G4 Amd Ryzen 5 7520u 8gb 256gb Dos 14;Lenovo;4.0;5.0;2599.0;2269.0;https://lista.mercadolivre.com.br/notebooks;2025-07-28 22:06:17.449692
Apple Macbook Air (13 polegadas, 2020, Chip M1, 256 GB de SSD) - Cinza-espacial;;4.9;1041.0;5999.0;5118.0;https://lista.mercadolivre.com.br/notebooks;2025-07-28 22:06:17.449692
Notebook Gamer Acer Nitro V15 15.6 Fhd 144hz I5-13420h Ssd 512gb 8gb Ddr5 Rtx 2050 4gb Linux Gutta Anv15-51-50kd;Carrefour;4.8;256.0;4999.0;4299.0;https://lista.mercadolivre.com.br/notebooks;2025-07-28 22:06:17.449692
Notebook Positivo Vision R15 Lumina Bar, AMD Ryzen 5 8GB 256GB, Tela 15 polegadas Full HD Antirreflexo, Linux - Preto;123 Comprou;4.7;43.0;3712.0;2539.0;https://lista.mercadolivre.com.br/notebooks;2025-07-28 22:06:17.449692
Notebook Acer Vero AV15-53P-56HM Intel® Core™ i5 – 1335U 15.6” Full HD Intel® Iris® Xe 512 GB SSD 8 GB RAM Windows 11 Home;2Eletro;4.9;47.0;4199.0;3599.0;https://lista.mercadolivre.com.br/notebooks;2025-07-28 22:06:17.449692
Notebook Acer Ryzen 7 Octa-cor 12gb Nvme 512gb 15.6' Full Hd;Facini Informatica;5.0;1.0;4248.0;3738.0;https://lista.mercadolivre.com.br/notebooks;2025-07-28 22:06:17.449692
"Notebook Latitude 5400 14"" preto 256GB SSD - Intel Core i5 - Excelente (Recondicionado)";;;;;1799.0;https://lista.mercadolivre.com.br/notebooks;2025-07-28 22:06:17.449692
Notebook Lenovo V14 G4 Intel Core I5 8gb 256gb W11 Pro 14;Lenovo;;;3549.0;3279.0;https://lista.mercadolivre.com.br/notebooks;2025-07-28 22:06:17.449692
Notebook Lenovo Thinkbook 14 Intel Core i7 32gb 1tb W11pro;Lenovo;5.0;4.0;7899.0;6894.0;https://lista.mercadolivre.com.br/notebooks;2025-07-28 22:06:17.449692
Chromebook Lenovo 100e Intel Celeron N4500 4gb 32gb;Lenovo;4.9;9.0;1649.0;1424.0;https://lista.mercadolivre.com.br/notebooks;2025-07-28 22:06:17.449692
Notebook Samsung Galaxy Book4 I3- 1335u 512gb Np754xgj-kg3br;Login;5.0;3.0;5999.0;4599.0;https://lista.mercadolivre.com.br/notebooks;2025-07-28 22:06:17.449692
Apple Macbook Air 13.6 256gb SSD/16GB RAM M3 Chip Amv Color Silver;;5.0;3.0;;9842.0;https://lista.mercadolivre.com.br/notebooks;2025-07-28 22:06:17.449692
Notebook Compaq Presario 452 14.1 Hd I5-6287u 1tb 8gb Linux;;4.0;5.0;;3625.0;https://lista.mercadolivre.com.br/notebooks;2025-07-28 22:06:17.449692
Notebook Gamer 15  I5 16gb Placa Vídeo Jogos Trabalho Estudo;Altas Vendas;5.0;2.0;;1376.0;https://lista.mercadolivre.com.br/notebooks;2025-07-28 22:06:17.449692
Notebook Asus Tuf Gaming F16 Fx608jhr Nvidia Rtx 5050 Intel Core I7 14650hx 16gb Ram 512gb Ssd Windows 11 Home Tela 16 165hz Nível Ips Cinza - Rv016w;NVIDIA;;;10999.0;9769.0;https://lista.mercadolivre.com.br/notebooks;2025-07-28 22:06:17.449692
Notebook Asus Vivobook 15 X1504va Intel Core I5 1334u 4gb Ram 256gb Ssd Linux Keepos Tela 15,6 Led Fhd Silver - Nj1726;Asus;4.6;19.0;2699.0;2321.0;https://lista.mercadolivre.com.br/notebooks;2025-07-28 22:06:17.449692
Notebook Asus Vivobook Go E1504ga Intel Core I3 N305 8gb Ram 512gb Ssd Linux Keepos Tela 15,6 Fhd Silver - Nj438;Asus;4.8;122.0;2799.0;2411.0;https://lista.mercadolivre.com.br/notebooks;2025-07-28 22:06:17.449692
Notebook Gamer 15  I5 16gb Placa Vídeo Jogos Trabalho Estudo;Altas Vendas;5.0;1.0;;1457.0;https://lista.mercadolivre.com.br/notebooks;2025-07-28 22:06:17.449692
Acer Aspire 5 15.6 Fhd I7-12650h Ssd 256gb 8gb Linux Gutta Cor Gamut;;4.8;149.0;;4199.0;https://lista.mercadolivre.com.br/notebooks;2025-07-28 22:06:17.449692
Notebook Multi Ultra Celeron N4020c 4gb 128gb W11 14'' Cinza;;4.6;547.0;1899.0;1196.0;https://lista.mercadolivre.com.br/notebooks;2025-07-28 22:06:17.449692
Notebook Dell Latitude 3440 Intel Core I5 12th 8gb 256 Gb Cor Cinza;;5.0;1.0;;4589.0;https://lista.mercadolivre.com.br/notebooks;2025-07-28 22:06:17.449692
Notebook Acer Core I5 12th Gen 32gb Nvme 1tb, 15.6' Full Hd;Facini Informatica;4.9;15.0;5333.0;4319.0;https://lista.mercadolivre.com.br/notebooks;2025-07-28 22:06:17.449692
Notebook Asus Vivobook Go 15 E1504fa Amd Ryzen 5 7520u 4gb Ram 256gb Ssd Linux Keepos Tela 15,6 Fhd Black - Nj1287;;4.6;103.0;2499.0;2028.0;https://lista.mercadolivre.com.br/notebooks;2025-07-28 22:06:17.449692
Notebook Hp Core I5 11th 16gb Ram 256gb Ssd Hdmi Wifi Win11 Prateado (Recondicionado);;;;;2499.0;https://lista.mercadolivre.com.br/notebooks;2025-07-28 22:06:17.449692
Notebook Ideapad 1 R3 8gb 256gb W11 15.6 82x5000abr AMD Ryzen 3;;4.8;1021.0;;2599.0;https://lista.mercadolivre.com.br/notebooks;2025-07-28 22:06:17.449692
Notebook Lenovo Thinkpad T14 I5 16gb 256gb Ssd W11 Pro 14 - Excelente (Recondicionado);;;;;2841.0;https://lista.mercadolivre.com.br/notebooks;2025-07-28 22:06:17.449692
"Notebook ASUS Vivobook 15 X1504VA Intel Core i5 1334U 8Gb Ram 512Gb SSD Windows 11 Home Intel Iris Xe Tela 15,6"" LED FHD Blue - NJ1743W";Asus;;;3599.0;3113.0;https://lista.mercadolivre.com.br/notebooks;2025-07-28 22:06:17.449692
Notebook Asus Vivobook 15 Core I5 8gb 256ssd W11 15,6 Prata Cor Prata metálico;;4.8;54.0;2999.0;2699.0;https://lista.mercadolivre.com.br/notebooks;2025-07-28 22:06:17.449692
"Notebook ASUS Vivobook 15 X1504ZA Intel Core i5 1235U 8GB Ram 512GB SSD Windows 11 Tela 15,6"" FHD Blue - NJ987W";;4.9;605.0;;3640.0;https://lista.mercadolivre.com.br/notebooks;2025-07-28 22:06:17.449692
Notebook Core I5 Dell Latitude 16gb Ram 256gb Ssd M2;Canal Eletro;4.2;160.0;;2699.0;https://lista.mercadolivre.com.br/notebooks;2025-07-28 22:06:17.449692
Notebook Asus Tuf Gaming F16 Fx607vu Rtx4050 Intel Core 5 210h 8gb Ram 512gb Ssd Linux Keepos Tela Nível Ips 16 Led 144hz Gray - Rl054;Asus;;;8499.0;6489.0;https://lista.mercadolivre.com.br/notebooks;2025-07-28 22:06:17.449692
Notebook VAIO FE15 Intel Core i5 12th 16GB 512GB SSD Tela 15,6'' Full HD Antirreflexo Linux Cinza Grafite VJFE54F11X B2611H;Vaio;4.1;10.0;4599.0;3599.0;https://lista.mercadolivre.com.br/notebooks;2025-07-28 22:06:17.449692
"Notebook VivoBook X543UA 15.6"" cinza-escuro 8GB de Ram - 256GB SSD - Intel Core i5";;4.7;193.0;2799.0;2351.0;https://lista.mercadolivre.com.br/notebooks;2025-07-28 22:06:17.449692
Notebook Lenovo LOQ-e 15iax9e Intel Core i7-12650hx 16gb 512gb Ssd RTX 4050 Windows 11 Pro 15.6 - 83me000bbr Luna Grey;Lenovo;;;7999.0;7019.0;https://lista.mercadolivre.com.br/notebooks;2025-07-28 22:06:17.449692
Notebook Lenovo V14 G4 Iru Intel Core I5 8gb 256gb W11 14;Lenovo;;;;3099.0;https://lista.mercadolivre.com.br/notebooks;2025-07-28 22:06:17.449692
Notebook Lenovo V14 G4 Intel Core i5 16GB RAM 512GB SSD Windows 11 Pro;Lenovo;;;4599.0;3979.0;https://lista.mercadolivre.com.br/notebooks;2025-07-28 22:06:17.449692
Notebook ASUS Vivobook 15 Core I5 1235U 3.3 GHz 8GB Ram 256GB SSD W11 Home Tela 15,6” NanoEdge Full HD Cool Silver X1504ZA-NJ985W;Login;4.8;311.0;;3399.0;https://lista.mercadolivre.com.br/notebooks;2025-07-28 22:06:17.449692
"Notebook Ideapad 1i Intel Core i7 1255U 16GB RAM 512GB SSD Windows 11 Home Tela 14"" HD 83AF000FBR";;4.8;5440.0;;4499.0;https://lista.mercadolivre.com.br/notebooks;2025-07-28 22:06:17.449692
Notebook Lenovo Loq 15irx9 Intel Core i7-13650hx 16gb 512gb Ssd Rtx 4050 Windows 11 15.6 - 83kh0003br Luna Grey;Lenovo;4.9;14.0;8199.0;7149.0;https://lista.mercadolivre.com.br/notebooks;2025-07-28 22:06:17.449692
Notebook Dell Inspiron I15-i120k-u25m 15.6  Full Hd 12ª Gera Preto;Dell;4.8;8.0;3319.0;3069.0;https://lista.mercadolivre.com.br/notebooks;2025-07-28 22:06:17.449692
"Notebook Vaio Fe16 Amd Ryzen 5-5625u Windows 11 Home 8gb RAM 256gb Ssd Wi-Fi 6 Tela 16"" Ips Wuxga Antirreflexo - Cinza Grafite - Vjfe69f11x-b0421h - Permite upgrade de memória RAM e SSD";Loi Brasil;5.0;1.0;4666.0;3299.0;https://lista.mercadolivre.com.br/notebooks;2025-07-28 22:06:17.449692
Notebook Samsung Galaxy Book4 Intel® Core™ i5-1335U, Windows 11 Home, 8GB, 256GB SSD, Iris Xe, 15.6'' Full HD LED, 1.55kg;Vikings;4.9;1356.0;5712.0;3899.0;https://lista.mercadolivre.com.br/notebooks;2025-07-28 22:06:17.449692
Notebook Lenovo Loq 15irx9 Intel Core i7-13650hx 16gb 512gb Ssd Rtx 4050 Windows 11 15.6 - 83kh0003br Luna Grey;Lenovo;4.9;14.0;8199.0;7149.0;https://lista.mercadolivre.com.br/notebooks;2025-07-28 22:06:17.449692
Notebook Positivo Vision I15 Lumina Bar, Core I3, 11th, 8gb 512gb Ssd, Tela 15 Polegadas, Full Hd Antirreflexo, Windows 11 - Cinza;;4.6;33.0;;2499.0;https://lista.mercadolivre.com.br/notebooks;2025-07-28 22:06:17.449692
Notebook Lenovo LOQ-e 15iax9e Intel Core i7-12650HX 16gb 512gb SSD RTX 4050 Windows 11 15.6 - 83me0002br Luna Grey;Lenovo;4.7;7.0;7199.0;6284.0;https://lista.mercadolivre.com.br/notebooks;2025-07-28 22:06:17.449692
Notebook Lenovo ThinkBook 14 G6 Intel Core i7-13700H 16GB 512GB SSD Windows 11 - 21NQ000HBR Arctic Grey;Lenovo;5.0;7.0;;5934.0;https://lista.mercadolivre.com.br/notebooks;2025-07-28 22:06:17.449692
Notebook Gamer Acer Nitro V15 15.6 Fhd 144hz I5-13420h Ssd 512gb 8gb Ddr5 Rtx 2050 4gb Linux Gutta Anv15-51-50kd;Carrefour;4.8;256.0;4999.0;4299.0;https://lista.mercadolivre.com.br/notebooks;2025-07-28 22:06:17.449692
Notebook Gamer Lenovo Loq-e Ci5 Rtx3050 512gb 16gb W11+ubook;Mobcom;4.8;19.0;6657.0;4699.0;https://lista.mercadolivre.com.br/notebooks;2025-07-28 22:06:17.449692
Notebook Positivo Vision C15 Lumina Bar Celeron 8gb 128gb Emmc 15 Hd Linux - Cinza;123 Comprou;;;3123.0;1664.0;https://lista.mercadolivre.com.br/notebooks;2025-07-28 22:06:17.449692
Notebook Lenovo Ideapad 1 Amd Ryzen 5 8gb 512gb Windows 11;Lenovo;;;2999.0;2819.0;https://lista.mercadolivre.com.br/notebooks;2025-07-28 22:06:17.449692
Notebook Asus Vivobook 16 X1605va Intel Core I7 1355u 16gb Ram 512gb Ssd Windows 11 Home Tela 16 Ips Fhd Silver - Mb763w;Asus;4.9;25.0;5699.0;4330.0;https://lista.mercadolivre.com.br/notebooks;2025-07-28 22:06:17.449692
Notebook Hp 256 G8 Intel I5-10a 8gb 256gb Latitude Vostro Cinza (Recondicionado);;5.0;1.0;;1929.0;https://lista.mercadolivre.com.br/notebooks;2025-07-28 22:06:17.449692
"Notebook Vaio Fe16 Amd Ryzen 7-5825u Windows 11 Home 32gb RAM 512gb Ssd Wi-Fi 6 Tela 16"" Ips Wuxga Antirreflexo - Cinza Grafite - Vjfe69f11x-b0211h - Permite upgrade de memória RAM e SSD";Vaio;5.0;7.0;5999.0;5229.0;https://lista.mercadolivre.com.br/notebooks;2025-07-28 22:06:17.449692
Notebook Lenovo Ideapad Slim 3 15irh10 Intel Core i7-13620h 24gb 512gb Ssd Windows 11 15.3 - 83ns0008br Luna Grey;Lenovo;;;;4769.0;https://lista.mercadolivre.com.br/notebooks;2025-07-28 22:06:17.449692
Notebook Vaio Fe15 Amd Ryzen 5 8gb Ram 256gb Windows 11 Home Cor Cinza;;4.8;81.0;3563.0;3076.0;https://lista.mercadolivre.com.br/notebooks;2025-07-28 22:06:17.449692
Notebook Samsung Galaxy Book4 Windows 11 Home Intel Core I3 8gb 256gb Ssd 15.6'' Full Hd Led 1.55 Kg Grafite;;4.9;4423.0;6699.0;3299.0;https://lista.mercadolivre.com.br/notebooks;2025-07-28 22:06:17.449692
"Notebook Vaio Fe16 Amd Ryzen 7-5825u Linux 32gb RAM 512gb Ssd Wi-Fi 6 Tela 16"" Ips Wuxga Antirreflexo - Cinza Grafite - Vjfe69f11xb0221h - - Permite upgrade de memória RAM e SSD";Vaio;4.8;37.0;4999.0;3799.0;https://lista.mercadolivre.com.br/notebooks;2025-07-28 22:06:17.449692
"Dell Latitude 3490 16 GB RAM 256 GB SSD Processador Intel Core i7 Windows 11 Cor Preto 14"" - Excelente (Recondicionado)";;;;;2199.0;https://lista.mercadolivre.com.br/notebooks;2025-07-28 22:06:17.449692
Macbook Pro A2251 2020 13  16gb Ram 512gb Ssd Space Gray;;;;;3399.0;https://lista.mercadolivre.com.br/notebooks;2025-07-28 22:06:17.449692
Notebook Acer Aspire 5 Intel Core I3 Linux 4gb 256gb Sdd 14;2Eletro;4.6;425.0;2999.0;2399.0;https://lista.mercadolivre.com.br/notebooks;2025-07-28 22:06:17.449692
"Notebook Dell Inspiron 3530 cinza de 15,6"", Intel Core i7 1355U 16 GB de RAM, SSD de 512 GB, NVIDIA GeForce MX550 120 Hz 1920x1080px Windows 11 Home - Bom (Recondicionado)";;;;5500.0;4565.0;https://lista.mercadolivre.com.br/notebooks;2025-07-28 22:06:17.449692
Notebook HP 15-fd0023dx 15.6 Fhd Touch de 256 GB/8 GB I3 W11 - prata;;4.7;3.0;;3399.0;https://lista.mercadolivre.com.br/notebooks;2025-07-28 22:06:17.449692
Notebook Gamer Lenovo Loq-e Ci5-12450 Rtx3050 512gb 16gb W11 Luna Grey;Mobcom;4.9;76.0;5571.0;4899.0;https://lista.mercadolivre.com.br/notebooks;2025-07-28 22:06:17.449692
Notebook Positivo Vision R15 Lumina Bar, Amd Ryzen 7 16gb 512gb, Tela 15 Polegadas Full Hd Antirreflexo, Linux - Preto;Positivo;4.7;49.0;3899.0;2865.0;https://lista.mercadolivre.com.br/notebooks;2025-07-28 22:06:17.449692
Notebook Dell, Lat 3490, Tela 14'', I5 7a Ger, 8gb, Ssd256gb - Excelente (Recondicionado);;;;2249.0;1484.0;https://lista.mercadolivre.com.br/notebooks;2025-07-28 22:06:17.449692
Notebook Asus Vivobook Go 15 Intel Celeron 4gb 128gb Wind11;;4.3;9.0;;1799.0;https://lista.mercadolivre.com.br/notebooks;2025-07-28 22:06:17.449692
Notebook Acer Aspire 5 Amd Ryzen 7 15.6 Amd Radeon 512gb 8gb;Mobcom;4.8;13.0;3675.0;2999.0;https://lista.mercadolivre.com.br/notebooks;2025-07-28 22:06:17.449692
Notebook Lenovo Ideapad 1 Amd Ryzen 3 8gb 256gb Windows 11;Lenovo;;;2599.0;2449.0;https://lista.mercadolivre.com.br/notebooks;2025-07-28 22:06:17.449692
Notebook Hp Probook 640 G8 Core I5-1145g7 16gb Ssd 512gb;;;;;2327.0;https://lista.mercadolivre.com.br/notebooks;2025-07-28 22:06:17.449692
Notebook Dell Latitude 3410 Core I5 10ger 8gb 240ssd Win 11 Cor Cinza - Excelente (Recondicionado);Micro Livre;;;;2183.0;https://lista.mercadolivre.com.br/notebooks;2025-07-28 22:06:17.449692
Notebook Acer Gamer Nitro V15 Intel Core I7 13ª Ger. 16gb 512ssd Rtx3050 Com 6gb Gddr6 Nvidia Geforce Linux Gutta ANV15-51-73E9;;4.8;168.0;;6359.0;https://lista.mercadolivre.com.br/notebooks;2025-07-28 22:06:17.449692
"Notebook Vaio Fe16 Amd Ryzen 7 5825u Linux 8gb RAM 512gb Ssd Wi-Fi 6 Tela 16"" Ips Wuxga Antirreflexo - Cinza Grafite Vjfe69f11xb0321h - Permite upgrade de memória RAM e SSD";Vaio;4.7;7.0;4299.0;3249.0;https://lista.mercadolivre.com.br/notebooks;2025-07-28 22:06:17.449692
"Notebook Inspiron 3530 15.6"" preto 16GB de Ram - 512GB SSD - Intel Core i5";Mercado Vendeu;4.6;11.0;;4050.0;https://lista.mercadolivre.com.br/notebooks;2025-07-28 22:06:17.449692
Notebook Asus Vivobook Go 15 E1504ga Intel Core I3 N305 4gb Ram 128gb Ssd Windows 11 Tela 15,6 Fhd Silver - Nj440w;Asus;4.8;335.0;2599.0;2239.0;https://lista.mercadolivre.com.br/notebooks;2025-07-28 22:06:17.449692
Notebook Lenovo Ideapad 1 R5-7520u 8gb 512gb Ssd Linux 15.6;Lenovo;4.8;26.0;2699.0;2559.0;https://lista.mercadolivre.com.br/notebooks;2025-07-28 22:06:17.449692
Notebook Dell Latitude 3410 Core I7 10th 16gb 256gb Ssd Nvme Cor Cinza - Excelente (Recondicionado);Micro Livre;;;3499.0;2799.0;https://lista.mercadolivre.com.br/notebooks;2025-07-28 22:06:17.449692
Notebook Lenovo Thinkpad P53 I7 9a Ger 32gb 256gb Nvme + 1tb Preto (Recondicionado);;;;4234.0;3599.0;https://lista.mercadolivre.com.br/notebooks;2025-07-28 22:06:17.449692
Notebook Asus Vivobook 15 X1504va Intel Core I5 1334u 8gb Ram 256gb Ssd Windows 11 Home Intel Iris Xe Tela 15,6 Led Fhd Silver - Nj1738w;Asus;;;3399.0;2942.0;https://lista.mercadolivre.com.br/notebooks;2025-07-28 22:06:17.449692
Notebook Vaio F14, 13ª Gen Intel Core I7, 16gb 512gb Ssd, 14 Full Hd Antirreflexo, Windows 11 Home, Warm White, Desbloqueio Facial E Por Digital, Teclado Retroiluminado B1011w;Vaio;5.0;2.0;7999.0;6559.0;https://lista.mercadolivre.com.br/notebooks;2025-07-28 22:06:17.449692
Notebook Dell Latitude 3420 Core I7 1165g7  11a 512gb 16gb Cinza (Recondicionado);;;;;3897.0;https://lista.mercadolivre.com.br/notebooks;2025-07-28 22:06:17.449692
Notebook Dell Latitude Intel I3-10110 Ram 8gb Ssd 480gb;;;;;2559.0;https://lista.mercadolivre.com.br/notebooks;2025-07-28 22:06:17.449692
Notebook Vaio C14 I3-6006u Memória 8gb Hd De 1tb Tela 14'';;;;;2109.0;https://lista.mercadolivre.com.br/notebooks;2025-07-28 22:06:17.449692
Notebook Lenovo Lenovo V14 Amd Ryzen 5 8gb 256gb W11;Lenovo;5.0;2.0;2899.0;2529.0;https://lista.mercadolivre.com.br/notebooks;2025-07-28 22:06:17.449692
Notebook Hp 840 G7 I5 10a Geração - 8gb Ram - Ssd 240gb W11;;;;2999.0;1949.0;https://lista.mercadolivre.com.br/notebooks;2025-07-28 22:06:17.449692
"Notebook ASUS TUF Gaming A15 FA506NFR RTX 2050 AMD Ryzen 7 7435HS 16Gb Ram 512Gb SSD Windows 11 Home Tela 144Hz nivel IPS 15,6"" FHD Graphite Black - HN060W";;4.7;20.0;6199.0;5569.0;https://lista.mercadolivre.com.br/notebooks;2025-07-28 22:06:17.449692
MacBook Air M2 2022 midnight 16GB de Ram - 256GB SSD - Apple M;;5.0;34.0;;6861.0;https://lista.mercadolivre.com.br/notebooks;2025-07-28 22:06:17.449692
Notebook Lenovo Thinkpad T14 Intel Core I5 10ager 16gb 256gb;;5.0;5.0;;1969.0;https://lista.mercadolivre.com.br/notebooks;2025-07-28 22:06:17.449692
Notebook Hp 256r G9 Ci3 15.6  Uhd Graphics 256gb Ssd 8gb W11 Cinza-escuro;HP;4.8;12.0;3399.0;2599.0;https://lista.mercadolivre.com.br/notebooks;2025-07-28 22:06:17.449692
Notebook Lenovo V14 G4 Iru Intel Core I3 8gb 256gb W11 Pro;Lenovo;;;3499.0;3059.0;https://lista.mercadolivre.com.br/notebooks;2025-07-28 22:06:17.449692
Notebook Asus Vivobook Go 15 E510ka Intel Celeron Dual Core N4500 4gb Ram 128gb Emmc Windows 11 Home 15,60 Hd Rosa - Br833ws;Asus;4.7;611.0;2099.0;1700.0;https://lista.mercadolivre.com.br/notebooks;2025-07-28 22:06:17.449692
Notebook Lenovo V14 G4 Iru Intel Core I7 16gb 512gb W11 14;Lenovo;5.0;2.0;4899.0;4519.0;https://lista.mercadolivre.com.br/notebooks;2025-07-28 22:06:17.449692
"Notebook Lenovo Ideapad 1 Intel Core i3 1215U 4gb Ram 128gb Ssd Linux Tela 15,6"" Intel Uhd Graphics 82VYS01100";;4.8;637.0;3051.0;2528.0;https://lista.mercadolivre.com.br/notebooks;2025-07-28 22:06:17.449692
"Notebook Vaio Fe16 Amd Ryzen 5-5625u Windows 11 Home 8gb RAM 256gb Ssd Wi-Fi 6 Tela 16"" Ips Wuxga Antirreflexo - Cinza Grafite - Vjfe69f11x-b0421h - Permite upgrade de memória RAM e SSD";Loi Brasil;5.0;1.0;4666.0;3299.0;https://lista.mercadolivre.com.br/notebooks;2025-07-28 22:06:17.449692
Notebook Gamer Acer Nitro V15 15.6 Fhd 144hz I5-13420h Ssd 512gb 8gb Ddr5 Rtx 2050 4gb Linux Gutta Anv15-51-50kd;Carrefour;4.8;256.0;4999.0;4299.0;https://lista.mercadolivre.com.br/notebooks;2025-07-28 22:06:17.449692
Notebook Gamer Lenovo Loq-e Ci5 Rtx3050 512gb 16gb W11+ubook;Mobcom;4.8;19.0;6657.0;4699.0;https://lista.mercadolivre.com.br/notebooks;2025-07-28 22:06:17.449692
Notebook Lenovo E14 Intel Core Ultra 7 155u 32gb 1tb Ssd M2 Preto (Recondicionado);;5.0;1.0;7999.0;4319.0;https://lista.mercadolivre.com.br/notebooks;2025-07-28 22:06:17.449692
Dell Xps 13 9370, Core I7, 16gb Ram, 512gb Ssd, Touch 4k;;;;3199.0;2815.0;https://lista.mercadolivre.com.br/notebooks;2025-07-28 22:06:17.449692
Notebook Intel Core I7 Dell Ram 16gb Ssd M2 512gb Windows 11 Preto;Canal Eletro;5.0;6.0;;2999.0;https://lista.mercadolivre.com.br/notebooks;2025-07-28 22:06:17.449692
Notebook Lenovo V15 G4 Intel Core I5 16gb 512gb W11pro 15.6;Lenovo;5.0;1.0;;4454.0;https://lista.mercadolivre.com.br/notebooks;2025-07-28 22:06:17.449692
Notebook Lenovo T480 Core I5-8ªth 16gb Ssd 240gb Tela Hd Cor Black - Bom (Recondicionado);Micro Livre;;;;1708.0;https://lista.mercadolivre.com.br/notebooks;2025-07-28 22:06:17.449692
Notebook Samsung Galaxy Book4 Windows 11 Home Intel Core I3 8gb 256gb Ssd 15.6'' Full Hd Led 1.55 Kg Grafite;;4.9;4423.0;6699.0;3299.0;https://lista.mercadolivre.com.br/notebooks;2025-07-28 22:06:17.449692
"Notebook Vaio Fe16 Amd Ryzen 7-5825u Linux 32gb RAM 512gb Ssd Wi-Fi 6 Tela 16"" Ips Wuxga Antirreflexo - Cinza Grafite - Vjfe69f11xb0221h - - Permite upgrade de memória RAM e SSD";Vaio;4.8;37.0;4999.0;3799.0;https://lista.mercadolivre.com.br/notebooks;2025-07-28 22:06:17.449692
Lenovo Loq-e Ci5 Rtx3050 16gb+controle Xbox Pc+giftcard R$50;Mobcom;4.8;40.0;6656.0;4999.0;https://lista.mercadolivre.com.br/notebooks;2025-07-28 22:06:17.449692
Notebook Lenovo ThinkBook 14 G6 Intel Core i5-13420H 16GB 512GB SSD Windows 11 - 21NQ000PBR Arctic Grey;Lenovo;5.0;7.0;5399.0;4709.0;https://lista.mercadolivre.com.br/notebooks;2025-07-28 22:06:17.449692
"Notebook Latitude 5490 14"" preto 8GB de Ram - 256GB SSD - Intel Core i5";;4.2;82.0;;2299.0;https://lista.mercadolivre.com.br/notebooks;2025-07-28 22:06:17.449692
Notebook Acer Aspire 5 A515-45-R36L Ryzen 7 15.6 Radeon 512gb 12gb Linux;;4.9;988.0;;3298.0;https://lista.mercadolivre.com.br/notebooks;2025-07-28 22:06:17.449692
Notebook Dell Latitude 3410 Core I3 10ger 8gb 240gb Ssd;;4.0;1.0;;2499.0;https://lista.mercadolivre.com.br/notebooks;2025-07-28 22:06:17.449692
Notebook Precision 7540 Xeon 16gb Ddr4 Ssd 512gb Nvidia 4gb;;;;3799.0;2849.0;https://lista.mercadolivre.com.br/notebooks;2025-07-28 22:06:17.449692
Lenovo Loq-e Ci5 Rtx3050 16gb+controle Xbox + Gift Card R$50;Mobcom;5.0;13.0;6656.0;4999.0;https://lista.mercadolivre.com.br/notebooks;2025-07-28 22:06:17.449692
Lenovo Loq-e Ci5 Rtx3050 16gb+controle Xbox + Gift Card R$50;Mobcom;4.9;10.0;6999.0;5299.0;https://lista.mercadolivre.com.br/notebooks;2025-07-28 22:06:17.449692
Notebook Positivo Vision C14 Lumina Bar Celeron 8gb 256gb Emmc Tela 14 Polegadas Hd Antirreflexo Linux Tecla Link - Cinza;Positivo;4.5;460.0;2099.0;1399.0;https://lista.mercadolivre.com.br/notebooks;2025-07-28 22:06:17.449692
Apple Macbook Air (13 polegadas, 2020, Chip M1, 256 GB de SSD) - Prata;;4.9;1041.0;;5899.0;https://lista.mercadolivre.com.br/notebooks;2025-07-28 22:06:17.449692
Notebook ASUS X515KA Intel Celeron Dual Core N4500 4GB Ram 128GB SSD Windows 11 Home 15,6 HD Grey EJ303WS;Siberiano;4.7;410.0;2499.0;2254.0;https://lista.mercadolivre.com.br/notebooks;2025-07-28 22:06:17.449692
Notebook Dell Latitude 5420 I7 11o Geração 16gb Ssd 256gb;;5.0;1.0;;2790.0;https://lista.mercadolivre.com.br/notebooks;2025-07-28 22:06:17.449692
Notebook Lenovo Ideapad Slim 3 15irh10 Intel Core i7-13620h 16gb 512gb Ssd Linux 15.3 - 83nss00100 Luna Grey;Lenovo;;;4599.0;4019.0;https://lista.mercadolivre.com.br/notebooks;2025-07-28 22:06:17.449692
Notebook Lenovo Ideapad 1 Amd Ryzen 5 8gb 512gb Windows 11;Lenovo;;;;2629.0;https://lista.mercadolivre.com.br/notebooks;2025-07-28 22:06:17.449692
Notebook Motion Gray 14'' Q4128c 128g 4gb Ram W10 Positivo Cor Cinza;;4.1;2657.0;;1649.0;https://lista.mercadolivre.com.br/notebooks;2025-07-28 22:06:17.449692
Notebook Lenovo Ideapad Slim 3 Intel Core I5 8gb 512gb Linux;Lenovo;;;3199.0;2949.0;https://lista.mercadolivre.com.br/notebooks;2025-07-28 22:06:17.449692
Macbook Air de 13 polegadas chip SSD M4 de 256 GB azul celeste azul;;4.9;8.0;;7799.0;https://lista.mercadolivre.com.br/notebooks;2025-07-28 22:06:17.449692
Notebook Lenovo Thinkpad T480 I5-8º 8gb 240gb Ssd Vitrine Cor Black - Bom (Recondicionado);;;;2499.0;1549.0;https://lista.mercadolivre.com.br/notebooks;2025-07-28 22:06:17.449692
Notebook Asus Vivobook 16 X1607qa Snapdragon X1 26 100 16gb Ram 1tb Ssd Windows 11 Home Tela 16 Fhd Silver - Mb092w;Asus;;;5799.0;5149.0;https://lista.mercadolivre.com.br/notebooks;2025-07-28 22:06:17.449692
Notebook Samsung Galaxy Book4 Windows 11 Home Intel Core I3 8gb 256gb Ssd 15.6'' Full Hd Led 1.55 Kg Grafite;Samsung;4.9;4423.0;6699.0;3299.0;https://lista.mercadolivre.com.br/notebooks;2025-07-28 22:06:17.449692
Notebook Asus Vivobook 15 X1504za Intel Core I5 1235u 16gb Ram 512gb Ssd Linux Keepos Tela 15,60 Fhd Quiet Blue - Nj931;;4.8;251.0;;3310.0;https://lista.mercadolivre.com.br/notebooks;2025-07-28 22:06:17.449692
Notebook Ultra, Linux, 15,6 Pol. HD, Intel Celeron, 240GB SSD/ 8GB RAM, Cinza Escovado - UB262;;4.5;211.0;;1418.0;https://lista.mercadolivre.com.br/notebooks;2025-07-28 22:06:17.449692
Apple Macbook Air M4 13 16gb 256gb Ssd Garantia Apple Nf-e;;5.0;1.0;;8356.0;https://lista.mercadolivre.com.br/notebooks;2025-07-28 22:06:17.449692
Notebook Lenovo Thinkbook 14 Intel Core I7 32gb 1tb W11pro;Lenovo;;;7899.0;7329.0;https://lista.mercadolivre.com.br/notebooks;2025-07-28 22:06:17.449692
Notebook Lenovo V14 G4 Iru Intel Core I3 8gb 256gb W11 Pro;Lenovo;;;3499.0;3229.0;https://lista.mercadolivre.com.br/notebooks;2025-07-28 22:06:17.449692
Notebook Hp 256r G9 Intel I5 15.6 256+16gb Intel Iris X W11;HP;;;9509.0;3324.0;https://lista.mercadolivre.com.br/notebooks;2025-07-28 22:06:17.449692
Notebook Lenovo Thinkpad T14 Gen 1 Core I7 16gb Ram 256 Ssd Preto (Recondicionado);;;;;2390.0;https://lista.mercadolivre.com.br/notebooks;2025-07-28 22:06:17.449692
"Notebook ASUS TUF Gaming F15 FX507VV RTX4060 Intel Core i7 13620H 8Gb Ram 512Gb SSD Linux KeepOS Tela Nível IPS 15,6"" LED 165Hz Mecha Gray - HQ334";;5.0;10.0;;7599.0;https://lista.mercadolivre.com.br/notebooks;2025-07-28 22:06:17.449692
"MacBook Pro A2141 16"" cinza-espacial 512GB SSD - Intel Core i7 - Excelente (Recondicionado)";;;;;4960.0;https://lista.mercadolivre.com.br/notebooks;2025-07-28 22:06:17.449692
Chromebook Acer Co731c6nn Intel Celeron 4gb Emmc32gb Chros;;4.7;12.0;1550.0;1379.0;https://lista.mercadolivre.com.br/notebooks;2025-07-28 22:06:17.449692
Notebook Dell Latitude 3440 Core I3 16gb Ssd 240gb C/ Nf;;;;1587.0;1428.0;https://lista.mercadolivre.com.br/notebooks;2025-07-28 22:06:17.449692
Notebook Dell I5 4th 16gb+ Ssd+ Vga Dedicada 740 + Garantia;;4.0;6.0;;1495.0;https://lista.mercadolivre.com.br/notebooks;2025-07-28 22:06:17.449692
"Notebook Lenovo IdeaPad Slim 3 15IRH10 Intel Core i5-13420H 8GB 512GB SSD Windows 11 15.3"" - 83NS0002BR Luna Grey";Lenovo;;;;3239.0;https://lista.mercadolivre.com.br/notebooks;2025-07-28 22:06:17.449692
Notebook Lenovo V14 G4 Iru Intel Core I5 16gb 512gb W11 14;Lenovo;5.0;1.0;;3629.0;https://lista.mercadolivre.com.br/notebooks;2025-07-28 22:06:17.449692
Notebook Dell Latitude 7310 Core I5 16gb Ram 256gb Ssd + Cor Prateado - Excelente (Recondicionado);;;;2299.0;2115.0;https://lista.mercadolivre.com.br/notebooks;2025-07-28 22:06:17.449692
Notebook Lenovo V15 G4 Intel Core I7 16gb 512gb W11pro 15.6;Lenovo;5.0;1.0;;5309.0;https://lista.mercadolivre.com.br/notebooks;2025-07-28 22:06:17.449692
Notebook Asus Intel I5-1334u 8g 512g Ssd Fhd Windows 11 Pro;;5.0;2.0;;3599.0;https://lista.mercadolivre.com.br/notebooks;2025-07-28 22:06:17.449692
Notebook Dell Latitude E5470 I5, 6ª geração, 2,3 GHz, 8 GB, 256 ssd, 14, preto - Excelente (Recondicionado);;;;2199.0;1385.0;https://lista.mercadolivre.com.br/notebooks;2025-07-28 22:06:17.449692
Tebk Lenv Thinkpad E14 Intel Ultra 5 16gb 512gb W11pr;Lenovo;4.3;13.0;;6704.0;https://lista.mercadolivre.com.br/notebooks;2025-07-28 22:06:17.449692
Notebook Lenovo V15 G4 Iru Intel Core I5 8gb 256gb W11 15.6;Lenovo;5.0;1.0;3849.0;3359.0;https://lista.mercadolivre.com.br/notebooks;2025-07-28 22:06:17.449692
Notebook Lenovo Thinkpad E14 Intel Ultra 7 32gb 1tb W11pro;Lenovo;4.3;13.0;;8279.0;https://lista.mercadolivre.com.br/notebooks;2025-07-28 22:06:17.449692
Notebook Asus X515ka Intel Celeron Dual Core N4500 4gb Ram 128gb Ssd Windows 11 Home Tela 15,6 Led Cinza - Br329ws;Asus;5.0;1.0;1999.0;1719.0;https://lista.mercadolivre.com.br/notebooks;2025-07-28 22:06:17.449692
"Notebook Vaio Fe16 Amd Ryzen 5-5625u Linux 16gb RAM 512gb Ssd Wi-Fi 6 Tela 16"" Ips Wuxga Antirreflexo - Cinza Grafite - Vjfe69f11xb0711h - Permite upgrade de memória RAM e SSD";Vaio;5.0;2.0;4359.0;3649.0;https://lista.mercadolivre.com.br/notebooks;2025-07-28 22:06:17.449692
Notebook Gamer Acer Nitro V15 15.6 Fhd 144hz I5-13420h Ssd 512gb 8gb Ddr5 Rtx 2050 4gb Linux Gutta Anv15-51-50kd;Carrefour;4.8;256.0;4999.0;4299.0;https://lista.mercadolivre.com.br/notebooks;2025-07-28 22:06:17.449692
Notebook Samsung Galaxy Book4 Windows 11 Home Intel Core I3 8gb 256gb Ssd 15.6'' Full Hd Led 1.55 Kg Grafite;;4.9;4423.0;6699.0;3299.0;https://lista.mercadolivre.com.br/notebooks;2025-07-28 22:06:17.449692
Lenovo Loq-e Ci5 Rtx3050 16gb+controle Xbox Pc+giftcard R$50;Mobcom;4.8;40.0;6656.0;4999.0;https://lista.mercadolivre.com.br/notebooks;2025-07-28 22:06:17.449692
"Notebook Vaio Fe16 Amd Ryzen 5-5625u Linux 16gb RAM 512gb Ssd Wi-Fi 6 Tela 16"" Ips Wuxga Antirreflexo - Cinza Grafite - Vjfe69f11xb0711h - Permite upgrade de memória RAM e SSD";Vaio;5.0;2.0;4359.0;3649.0;https://lista.mercadolivre.com.br/notebooks;2025-07-28 22:06:17.449692
Notebook Lenovo V15 Intel Core I3-1315u 8gb 256gb Ssd Linux;Lenovo;;;;2444.0;https://lista.mercadolivre.com.br/notebooks;2025-07-28 22:06:17.449692
Notebook Lenovo ThinkBook 14 G6 Intel Core i5-13420H 8GB 256GB SSD Windows 11 - 21NQ000QBR Arctic Grey;Lenovo;5.0;7.0;4799.0;4179.0;https://lista.mercadolivre.com.br/notebooks;2025-07-28 22:06:17.449692
Notebook Dell Inspiron 5440 Core 7 150u 16gb 512ssd Mx570a Cor Prateado;;5.0;3.0;;5732.0;https://lista.mercadolivre.com.br/notebooks;2025-07-28 22:06:17.449692
Notebook Hp Elitebook Core I7 10a Geração 32gb Ram 512gb Ssd Prateado (Recondicionado);;5.0;3.0;;4990.0;https://lista.mercadolivre.com.br/notebooks;2025-07-28 22:06:17.449692
Lenovo Loq-e Ci5 Rtx3050 16gb+controle Xbox + Gift Card R$50;Mobcom;5.0;13.0;6656.0;4999.0;https://lista.mercadolivre.com.br/notebooks;2025-07-28 22:06:17.449692
Lenovo Loq-e Ci5 Rtx3050 16gb+controle Xbox + Gift Card R$50;Mobcom;4.9;10.0;6999.0;5299.0;https://lista.mercadolivre.com.br/notebooks;2025-07-28 22:06:17.449692
Notebook Positivo Vision R15 Lumina Bar, Amd Ryzen 7 16gb 512gb, Tela 15 Polegadas Full Hd Antirreflexo, Linux - Preto;Positivo;4.7;49.0;3899.0;2865.0;https://lista.mercadolivre.com.br/notebooks;2025-07-28 22:06:17.449692
"Dell Latitude 3490 16 GB RAM 256 GB SSD Processador Intel Core i7 Windows 11 Cor Preto 14"" - Aceitável (Recondicionado)";;;;;1949.0;https://lista.mercadolivre.com.br/notebooks;2025-07-28 22:06:17.449692
Microsoft Surface 4 13.5 Touchscreen I5;;;;;9590.0;https://lista.mercadolivre.com.br/notebooks;2025-07-28 22:06:17.449692
Notebook Lenovo V15 Intel Core I5 8gb 256gb W11 Pro 15.6;Lenovo;;;;3914.0;https://lista.mercadolivre.com.br/notebooks;2025-07-28 22:06:17.449692
Lenovo E14 G2core I5-113g7  8gb De Ram Nvme De 256gb W10 Pro;Micro Livre;;;2899.0;2754.0;https://lista.mercadolivre.com.br/notebooks;2025-07-28 22:06:17.449692
Notebook Lenovo Thinkpad E14 Intel Ultra 5 16gb 256gb W11;Lenovo;;;6199.0;5409.0;https://lista.mercadolivre.com.br/notebooks;2025-07-28 22:06:17.449692
Notebook Lenovo Lenovo V14 G4 Amd Ryzen 5 8gb 256gb Linux;Lenovo;5.0;1.0;2699.0;2359.0;https://lista.mercadolivre.com.br/notebooks;2025-07-28 22:06:17.449692
Notebook Lenovo Thinkbook 14 Intel Core I5 16gb 512gb W11;Lenovo;5.0;2.0;5399.0;5009.0;https://lista.mercadolivre.com.br/notebooks;2025-07-28 22:06:17.449692
Notebook Lenovo V15 G3 Iap/i5-1235u/8gb/ssd256gb/w11pro;;5.0;1.0;;4199.0;https://lista.mercadolivre.com.br/notebooks;2025-07-28 22:06:17.449692
Notebook Lenovo V14 G4 Iru Intel Core I7 16gb 512gb W11 14;Lenovo;;;;4279.0;https://lista.mercadolivre.com.br/notebooks;2025-07-28 22:06:17.449692
Notebook Lenovo V15 G4 Intel Core I5 8gb 256gb W11pro 15.6;Lenovo;;;;4003.9999999999995;https://lista.mercadolivre.com.br/notebooks;2025-07-28 22:06:17.449692
Notebook Hp Probook Core I5 6ª Geração 8gb Ssd 240gb - Bom (Recondicionado);;;;;1249.0;https://lista.mercadolivre.com.br/notebooks;2025-07-28 22:06:17.449692
Notebook Lenovo V15 G4 Intel Core I7 16gb 512gb W11 15.6;Lenovo;;;;4799.0;https://lista.mercadolivre.com.br/notebooks;2025-07-28 22:06:17.449692
Notebook Lenovo V14 G4 Iru Intel Core I7 16gb 512gb W11 Pro;Lenovo;;;;4629.0;https://lista.mercadolivre.com.br/notebooks;2025-07-28 22:06:17.449692
"Notebook ASUS Vivobook Go 15 E1504GA Intel Core i3 N305 8GB Ram 256GB SSD Windows 11 Home Tela 15,6"" FHD Silver - NJ434W";;4.9;50.0;2999.0;2262.0;https://lista.mercadolivre.com.br/notebooks;2025-07-28 22:06:17.449692
Notebook Samsung Galaxy Book4, Windows 11 Home, Intel® Core I7, 16gb, 512gb Ssd, 15.6'' Full Hd Led, 1.55 Kg - Grafite;Samsung;4.9;419.0;5999.0;5699.0;https://lista.mercadolivre.com.br/notebooks;2025-07-28 22:06:17.449692
Notebook Samsung Galaxy Book4, Windows 11 Home, Intel® Core 7, 16gb, 512gb Ssd, Nvidia® Geforce® Mx570, 15.6' Full Hd Led, Fingerprint - Grafite;Samsung;4.9;129.0;6699.0;5983.0;https://lista.mercadolivre.com.br/notebooks;2025-07-28 22:06:17.449692
Notebook Lenovo V14 Amd R5 7520u 8gb 256gb Ssd W11 Pro Preto;Lenovo;;;;2969.0;https://lista.mercadolivre.com.br/notebooks;2025-07-28 22:06:17.449692
Notebook Lenovo Ideapad 1 Intel Core I3 8gb 512gb W11 15.6;Lenovo;;;;2789.0;https://lista.mercadolivre.com.br/notebooks;2025-07-28 22:06:17.449692
"Samsung Chromebook 4 Intel Dual-Core 4GB 32GB Tela 11.6"" Prata XE310XBA-KT3BR Google Chrome OS HD LED";;4.6;1265.0;;1699.0;https://lista.mercadolivre.com.br/notebooks;2025-07-28 22:06:17.449692
Lenovo Loq-e Ci5 Rtx3050 16gb+controle Xbox + Gift Card R$50;Mobcom;5.0;13.0;6656.0;4999.0;https://lista.mercadolivre.com.br/notebooks;2025-07-28 22:06:17.449692
Apple Macbook Air (13 polegadas, 2020, Chip M1, 256 GB de SSD) - Ouro;;4.9;1041.0;;5999.0;https://lista.mercadolivre.com.br/notebooks;2025-07-28 22:06:17.449692
Chromebook Acer Co731-c6nn Celeron 4gb 32 Emmc;;;;1789.0;1490.0;https://lista.mercadolivre.com.br/notebooks;2025-07-28 22:06:17.449692
Notebook Positivo Vision R15 Lumina Bar, Amd Ryzen 7 32gb 512gb, Tela 15 Polegadas Full Hd Antirreflexo, Linux - Preto;Positivo;4.7;46.0;4099.0;3499.0;https://lista.mercadolivre.com.br/notebooks;2025-07-28 22:06:17.449692
Apple Macbook Air 13 Chip M4 16gb 256gb Ssd Garantia Apple;;;;;7956.0;https://lista.mercadolivre.com.br/notebooks;2025-07-28 22:06:17.449692
Notebook Dell Inspiron Intel Core I5 1235U 12ª Geração 16GB RAM, 512 SSD, Linux, Tela 15.6 Full Hd I15-I120K-U30P;;4.8;175.0;;4544.0;https://lista.mercadolivre.com.br/notebooks;2025-07-28 22:06:17.449692
Notebook ASUS Vivobook Go 15 E1504FA AMD Ryzen 3 7320U 4Gb Ram 128Gb SSD Windows 11 Home Tela 15,6 FHD Mixed Black - NJ1364W;;4.7;104.0;2900.0;2262.0;https://lista.mercadolivre.com.br/notebooks;2025-07-28 22:06:17.449692
Notebook Lenovo Ideapad 1 Amd Ryzen 3 4gb 256gb Windows 11;Lenovo;;;;2109.0;https://lista.mercadolivre.com.br/notebooks;2025-07-28 22:06:17.449692
Notebook Dell Core I5 16gb Ddr3 Hd 500 Com Garantia E N.f;;4.1;15.0;;1190.0;https://lista.mercadolivre.com.br/notebooks;2025-07-28 22:06:17.449692
Notebook Lenovo V15 G4 Iah Intel Core I5 8gb 512gb Linux;Lenovo;5.0;2.0;;3184.0;https://lista.mercadolivre.com.br/notebooks;2025-07-28 22:06:17.449692
"Notebook Lenovo LOQ-e 15iax9e Intel Core i7-12650hx 16gb 1tb SSD RTX 4050 Windows 11 15.6"" - 83me0000br Luna Grey";Lenovo;;;;7019.0;https://lista.mercadolivre.com.br/notebooks;2025-07-28 22:06:17.449692
Notebook Dell Touchscreen Intel Core I5 16gb Ram Ssd 256gb Cinza (Recondicionado);Canal Eletro;5.0;1.0;;1999.0;https://lista.mercadolivre.com.br/notebooks;2025-07-28 22:06:17.449692
"MacBook Air M1 2020 13"" cinza-espacial 8GB de Ram - 256GB SSD - Apple Chip";;4.9;236.0;;5399.0;https://lista.mercadolivre.com.br/notebooks;2025-07-28 22:06:17.449692
Notebook Dell Core I5 10a Geração 16gb Ram 256gb Ssd Windows Prateado (Recondicionado);;;;;1990.0;https://lista.mercadolivre.com.br/notebooks;2025-07-28 22:06:17.449692
Notebook Ultrafino Ideapad 1 R5 16gb 256gb Linux 82x5s00200;;4.9;38.0;;2899.0;https://lista.mercadolivre.com.br/notebooks;2025-07-28 22:06:17.449692
Notebook Samsung Galaxy Book4 Pro, Windows 11 Home, Intel® Core™ Ultra 5 125H, 16GB, 512GB SSD, 14'' Full HD AMOLED, Touchscreen, 1.23 kg;Samsung;4.8;50.0;7249.0;6886.0;https://lista.mercadolivre.com.br/notebooks;2025-07-28 22:06:17.449692
Notebook Dell Latitude 3420 Core I7 11th 64gb Ram 1tb Ssd Cor Grafite;;4.6;28.0;;6541.0;https://lista.mercadolivre.com.br/notebooks;2025-07-28 22:06:17.449692
Notebook Dell Latitude 5490 Core I5 8th 8gb Ram 256gb Ssd Cor Preto - Excelente (Recondicionado);;;;;2990.0;https://lista.mercadolivre.com.br/notebooks;2025-07-28 22:06:17.449692
Notebook Asus Vivobook Go Core I3 N305 8gb 256ssd W11 Fhd Prata Metálico;Asus;5.0;1.0;2999.0;2399.0;https://lista.mercadolivre.com.br/notebooks;2025-07-28 22:06:17.449692
Notebook Dell Inspiron I15-i120k-u25m 15.6  Full Hd 12ª Gera Preto;Dell;4.8;8.0;3319.0;3069.0;https://lista.mercadolivre.com.br/notebooks;2025-07-28 22:06:17.449692
"Notebook Lenovo IdeaPad 3i Intel Core I3 - 1115G4, 8GB RAM, 256GB SSD, Windows 11 Home, Tela 15,6"" - 82MD0010BR";123 Comprou;4.8;668.0;4141.0;2879.0;https://lista.mercadolivre.com.br/notebooks;2025-07-28 22:06:17.449692
"Notebook Vaio Fe16 Amd Ryzen 5-5625u Windows 11 Home 8gb RAM 256gb Ssd Wi-Fi 6 Tela 16"" Ips Wuxga Antirreflexo - Cinza Grafite - Vjfe69f11x-b0421h - Permite upgrade de memória RAM e SSD";Loi Brasil;5.0;1.0;4666.0;3299.0;https://lista.mercadolivre.com.br/notebooks;2025-07-28 22:06:17.449692
Notebook Dell Latitude 5490 Core I5 8th 8gb Ram 256gb Ssd Cor Preto - Excelente (Recondicionado);;;;;2990.0;https://lista.mercadolivre.com.br/notebooks;2025-07-28 22:06:17.449692
Notebook Asus Vivobook Go Core I3 N305 8gb 256ssd W11 Fhd Prata Metálico;Asus;5.0;1.0;2999.0;2399.0;https://lista.mercadolivre.com.br/notebooks;2025-07-28 22:06:17.449692
Notebook Positivo Motion Gray 14'' Hd Intel Celeron N4020 120gb Ssd 4gb Win 11 Home Cinza C4120f-s;;4.4;105.0;;1399.0;https://lista.mercadolivre.com.br/notebooks;2025-07-28 22:06:17.449692
"MacBook Air M2 (2022) 13.6"" midnight 8GB de Ram - 256GB SSD - Apple M";;4.9;398.0;;7499.0;https://lista.mercadolivre.com.br/notebooks;2025-07-28 22:06:17.449692
Notebook Samsung Galaxy Book4 Intel® Core™ i5-1335U (1.3 Ghz, até 4.6GHz, 12 MB L3 Cache), Windows 11 Home, 16GB, 512GB SSD, Iris Xe, 15.6'' Full HD LED, 1.55kg;Samsung;4.9;1977.0;4799.0;4558.0;https://lista.mercadolivre.com.br/notebooks;2025-07-28 22:06:17.449692
Notebook Samsung Galaxy Book4 Intel® Core™ i5-1335U, Windows 11 Home, 8GB, 256GB SSD, Iris Xe, 15.6'' Full HD LED, 1.55kg;Vikings;4.9;1356.0;5712.0;3899.0;https://lista.mercadolivre.com.br/notebooks;2025-07-28 22:06:17.449692
Notebook Multi Ultra Celeron N4020c 4gb 128gb W11 15,6'' Cinza - Ub261;123 Comprou;4.5;387.0;2055.0;1367.0;https://lista.mercadolivre.com.br/notebooks;2025-07-28 22:06:17.449692
Notebook VAIO FE16 AMD Ryzen 5-5625U Linux 8GB RAM 256GB SSD Wi-Fi 6 Tela 16'' IPS WUXGA Antirreflexo - Cinza Grafite - Vjfe69f11x-b0411h - Permite upgrade de memória RAM e SSD;123 Comprou;4.9;42.0;4998.0;2879.0;https://lista.mercadolivre.com.br/notebooks;2025-07-28 22:06:17.449692
Notebook Lenovo Ideapad 3 - Com Ryzen 5-5500u;;;;;2699.0;https://lista.mercadolivre.com.br/notebooks;2025-07-28 22:06:17.449692
"Notebook EliteBook 840 G8 14"" prata 16GB de Ram - 256GB SSD - Intel Core i5";;3.6;5.0;;2999.0;https://lista.mercadolivre.com.br/notebooks;2025-07-28 22:06:17.449692
Laptop Dell Latitude 3540 Intel i5-1235U 8 GB 512 GB W11Pro;;;;;4987.0;https://lista.mercadolivre.com.br/notebooks;2025-07-28 22:06:17.449692
"Notebook Dell Inspiron 15.6"" Full Hd 12 Geração i5-1235U Memória de 8GB DDR4 SSD 512GB";;4.7;76.0;;3158.0;https://lista.mercadolivre.com.br/notebooks;2025-07-28 22:06:17.449692
Notebook Asus Vivobook Intel Core I5 1235u 16gb 512ssd W11;;5.0;3.0;;3332.0;https://lista.mercadolivre.com.br/notebooks;2025-07-28 22:06:17.449692
Notebook Gamer Acer Nitro V15 15.6 Fhd 144hz I5-13420h Ssd 512gb 8gb Ddr5 Rtx 2050 4gb Linux Gutta Anv15-51-50kd;Carrefour;4.8;256.0;4999.0;4299.0;https://lista.mercadolivre.com.br/notebooks;2025-07-28 22:06:17.449692
Notebook Positivo Vision R15 Lumina Bar, AMD Ryzen 5 8GB 256GB, Tela 15 polegadas Full HD Antirreflexo, Linux - Preto;123 Comprou;4.7;43.0;3712.0;2539.0;https://lista.mercadolivre.com.br/notebooks;2025-07-28 22:06:17.449692
Notebook Acer Vero AV15-53P-56HM Intel® Core™ i5 – 1335U 15.6” Full HD Intel® Iris® Xe 512 GB SSD 8 GB RAM Windows 11 Home;2Eletro;4.9;47.0;4199.0;3599.0;https://lista.mercadolivre.com.br/notebooks;2025-07-28 22:06:17.449692
"Notebook Acer TravelMate Intel® Core™ i7–1355U de 13ª Geração 16GB RAM 512SSD Windows 11 Pro 14"" WUXGA TMP214-55-70G2";;4.5;4.0;;4999.0;https://lista.mercadolivre.com.br/notebooks;2025-07-28 22:06:17.449692
Notebook Acer Aspire 5 Intel I5 12450h 8gb Ram 512gb Cinza;;;;3914.0;2954.0;https://lista.mercadolivre.com.br/notebooks;2025-07-28 22:06:17.449692
Notebook Dell Latitude 5440 Core I7 13th 32gb Ram 512gb Ssd;;4.0;1.0;;6249.0;https://lista.mercadolivre.com.br/notebooks;2025-07-28 22:06:17.449692
Notebook Dell Latitude E6540 - Core I5 4310m - 8gb 500gb - Excelente (Recondicionado);;;;1499.0;1334.0;https://lista.mercadolivre.com.br/notebooks;2025-07-28 22:06:17.449692
Notebook Samsung Galaxy Book Go, Windows 11 Home, Snapdragon® 7c, 4gb, 128gb Ufs, 14'' Full Hd Led, 1.38kg Com Copilot Integrado;Samsung;4.8;14.0;2249.0;2136.0;https://lista.mercadolivre.com.br/notebooks;2025-07-28 22:06:17.449692
"Notebook Dell Latitude 5480 14"" preto 16GB de Ram - 256GB SSD - 16GB HDD - Intel Core i5";;4.1;45.0;;2999.0;https://lista.mercadolivre.com.br/notebooks;2025-07-28 22:06:17.449692
Notebook Dell Latitude 3420 Core I7 11ªg 32gb Ram 512gb Ssd Cor Preto;;4.6;28.0;;5608.0;https://lista.mercadolivre.com.br/notebooks;2025-07-28 22:06:17.449692
Notebook Samsung Galaxy Book Go Snapdragon® 7c (Kryo™ 468 Octa-core CPU, até 2.55 GHz), Windows 11 Home, 4GB, 128GB UFS, 14'' Full HD LED, 1.38kg;;4.7;7280.0;;2270.0;https://lista.mercadolivre.com.br/notebooks;2025-07-28 22:06:17.449692
"MacBook Air M2 (2022) 13.6"" space gray 8GB de Ram - 256GB SSD - Apple M";;4.9;398.0;6990.0;6570.0;https://lista.mercadolivre.com.br/notebooks;2025-07-28 22:06:17.449692
Dell Notebook Core I5 8th 16gb Ssd Win11 Pro Latitude 5400 Cor Cinza-escuro;;4.2;67.0;;2999.0;https://lista.mercadolivre.com.br/notebooks;2025-07-28 22:06:17.449692
Notebook Hp 445 G10 Ryzen 5 7530u Radeon 1tb Nvme 32gb Ram Prateado;;;;;4080.0;https://lista.mercadolivre.com.br/notebooks;2025-07-28 22:06:17.449692
Notebook Dell Latitude 5420 Core I7 11th 32gb Ram 1tb Ssd Cor Cinza - Excelente (Recondicionado);;;;;4162.0;https://lista.mercadolivre.com.br/notebooks;2025-07-28 22:06:17.449692
"Notebook Samsung Galaxy Book Go Snapdragon 7c Kryo 468 Octa-core 4GB RAM 128GB SSD 14"" Full HD W11 com Office 365 NP340XLA-K07BR";;4.7;890.0;;2230.0;https://lista.mercadolivre.com.br/notebooks;2025-07-28 22:06:17.449692
"Notebook Ideapad 1i Intel Core i7 1255U, 12GB RAM, 512GB SSD, Linux, Tela 15,6"" HD 82VYS01000";;4.8;5440.0;;4199.0;https://lista.mercadolivre.com.br/notebooks;2025-07-28 22:06:17.449692
Notebook Lenovo V14 Intel Core i5 8gb 256gb Linux 14 82uls00200 Preto;;4.7;6.0;;2968.0;https://lista.mercadolivre.com.br/notebooks;2025-07-28 22:06:17.449692
Notebook Asus Vivobook 15 X1504za Intel Core I5 1235u 8gb Ram 512gb Ssd Windows 11 Tela 15,6 Fhd Silver - Nj986w;;4.9;295.0;;3061.0;https://lista.mercadolivre.com.br/notebooks;2025-07-28 22:06:17.449692
Notebook Positivo Q464c Atom 4gb 64gb Ssd 14,1'' Vermelho Windows 10;;4.0;853.0;;1399.0;https://lista.mercadolivre.com.br/notebooks;2025-07-28 22:06:17.449692
Notebook Lenovo E14 Amd Ryzen 7 32gb 512gb Windows 11 Pro;;;;;6997.0;https://lista.mercadolivre.com.br/notebooks;2025-07-28 22:06:17.449692
Notebook Lenovo Thinkpad E14 Amd Ryzen 5 16gb 512gb W11 Pro;;;;;5185.0;https://lista.mercadolivre.com.br/notebooks;2025-07-28 22:06:17.449692
"MacBook Air M2 (2022) 13.6"" silver 8GB de Ram - 256GB SSD - Apple M";;4.9;398.0;;7399.0;https://lista.mercadolivre.com.br/notebooks;2025-07-28 22:06:17.449692
Notebook Dell Latitude 3450 I5 16gb 512ssd W11 Pro, cor preta;;;;;5248.0;https://lista.mercadolivre.com.br/notebooks;2025-07-28 22:06:17.449692
Notebook Acer Aspire 3 Intel Core I3 11ª 4gb Ssd 512gb 15.6;;4.9;21.0;;2599.0;https://lista.mercadolivre.com.br/notebooks;2025-07-28 22:06:17.449692
"Notebook Latitude 5400 14"" preto 16GB de Ram - 240GB SSD - Intel Core i5";;4.2;67.0;;2999.0;https://lista.mercadolivre.com.br/notebooks;2025-07-28 22:06:17.449692
Notebook Acer Aspire 5 Intel I5 12450h 8gb Ram 512gb Cinza Cinza;;;;;2956.0;https://lista.mercadolivre.com.br/notebooks;2025-07-28 22:06:17.449692
Notebook Lenovo Ideapad 1i Ci3 8gb 256gb W11 15.6 82vy000sbr;Vikings;5.0;7.0;3998.0;2754.0;https://lista.mercadolivre.com.br/notebooks;2025-07-28 22:06:17.449692
Notebook Dell Vostro 3501 I5-10th 8gb Ram 120gb Ssd;;5.0;1.0;3999.0;1999.0;https://lista.mercadolivre.com.br/notebooks;2025-07-28 22:06:17.449692
Notebook Dell 8265u Core I5 8g 256ssd 8gb  W11 Touch Screen;;;;;2364.0;https://lista.mercadolivre.com.br/notebooks;2025-07-28 22:06:17.449692
"Notebook HP 255 G9 15.6""";;;;;3122.0;https://lista.mercadolivre.com.br/notebooks;2025-07-28 22:06:17.449692
Notebook Dell Latitude 3550 Full HD Intel Core i5-1335U de 16 GB 512 ssd Windows 11 Pro de 15,6 polegadas, cor cinza;;;;;7100.0;https://lista.mercadolivre.com.br/notebooks;2025-07-28 22:06:17.449692
Notebook Lenovo G40 80 Intel I5 5a 8gb Ssd 240gb (Recondicionado);;;;1699.0;1614.0;https://lista.mercadolivre.com.br/notebooks;2025-07-28 22:06:17.449692
Notebook Lenovo Thinkpad T14 Core I7 11th 32gb Ssd 1tb M.2 Cor Black;;5.0;1.0;;5899.0;https://lista.mercadolivre.com.br/notebooks;2025-07-28 22:06:17.449692
Notebook Latitude 5320 Intel Core I7 11°ger 16gb 512gb Ssd Cinza (Recondicionado);;;;;2999.0;https://lista.mercadolivre.com.br/notebooks;2025-07-28 22:06:17.449692
Apple Macbook Air 13 Estelar M4 16 Gb, Ssd De 256 Gb;;;;;7796.0;https://lista.mercadolivre.com.br/notebooks;2025-07-28 22:06:17.449692
Notebook Asus Vivobook X1404va 14 Fhd 128 gb/8 GB de RAM i3-1315U W11 Quiet Blue;;;;;2340.0;https://lista.mercadolivre.com.br/notebooks;2025-07-28 22:06:17.449692
Notebook Dell Inspiron I15-i120k-u25m 15.6  Full Hd 12ª Gera Preto;Dell;4.8;8.0;3319.0;3069.0;https://lista.mercadolivre.com.br/notebooks;2025-07-28 22:06:17.449692
"Notebook Vaio Fe16 Amd Ryzen 5-5625u Windows 11 Home 8gb RAM 256gb Ssd Wi-Fi 6 Tela 16"" Ips Wuxga Antirreflexo - Cinza Grafite - Vjfe69f11x-b0421h - Permite upgrade de memória RAM e SSD";Loi Brasil;5.0;1.0;4666.0;3299.0;https://lista.mercadolivre.com.br/notebooks;2025-07-28 22:06:17.449692
Notebook Samsung Galaxy Book4 Intel® Core™ i5-1335U, Windows 11 Home, 8GB, 256GB SSD, Iris Xe, 15.6'' Full HD LED, 1.55kg;Vikings;4.9;1356.0;5712.0;3899.0;https://lista.mercadolivre.com.br/notebooks;2025-07-28 22:06:17.449692
Apple Macbook Air 13 Estelar M4 16 Gb, Ssd De 256 Gb;;;;;7796.0;https://lista.mercadolivre.com.br/notebooks;2025-07-28 22:06:17.449692
Notebook Asus Vivobook X1404va 14 Fhd 128 gb/8 GB de RAM i3-1315U W11 Quiet Blue;;;;;2340.0;https://lista.mercadolivre.com.br/notebooks;2025-07-28 22:06:17.449692
Notebook Ultra Win11 14 Pol. Core I5 8gb Ram 256gb Ssd Ub540 Cor Preto;;4.7;32.0;;2558.0;https://lista.mercadolivre.com.br/notebooks;2025-07-28 22:06:17.449692
Notebook Hp Probook 640 G7 Core I5-10° Geração 16gb Ssd 512g Prateado;;5.0;2.0;;2698.0;https://lista.mercadolivre.com.br/notebooks;2025-07-28 22:06:17.449692
Notebook Asus Vivobook 15 Core I3 4gb 256ssd Linux Prata Cor Prateado;;4.5;67.0;;2279.0;https://lista.mercadolivre.com.br/notebooks;2025-07-28 22:06:17.449692
Notebook Core I3 Trabalho/estudo/jogos - Barato Master N190i 8gb Ram (Recondicionado);;;;;1099.0;https://lista.mercadolivre.com.br/notebooks;2025-07-28 22:06:17.449692
Notebook Gamer Acer Nitro V15 15.6 Fhd 144hz I5-13420h Ssd 512gb 8gb Ddr5 Rtx 2050 4gb Linux Gutta Anv15-51-50kd;Carrefour;4.8;256.0;4999.0;4299.0;https://lista.mercadolivre.com.br/notebooks;2025-07-28 22:06:17.449692
Notebook Gamer Lenovo Loq-e Ci5 Rtx3050 512gb 16gb W11+ubook;Mobcom;4.8;19.0;6657.0;4699.0;https://lista.mercadolivre.com.br/notebooks;2025-07-28 22:06:17.449692
Notebook Positivo Vision C15 Lumina Bar Celeron 8gb 128gb Emmc 15 Hd Linux - Cinza;123 Comprou;;;3123.0;1664.0;https://lista.mercadolivre.com.br/notebooks;2025-07-28 22:06:17.449692
"MacBook Air M2 (2022) 13.6"" starlight 8GB de Ram - 256GB SSD - Apple M";;4.9;398.0;;6687.0;https://lista.mercadolivre.com.br/notebooks;2025-07-28 22:06:17.449692
Probook Hp 6460b I5 16gb Ssd 500 Web Cam Super Velocidade;;;;1399.0;1329.0;https://lista.mercadolivre.com.br/notebooks;2025-07-28 22:06:17.449692
Notebook Lenovo Thinkpad T450 I5- 5300u 8gb 240ssd Preto (Recondicionado);;;;1750.0;1400.0;https://lista.mercadolivre.com.br/notebooks;2025-07-28 22:06:17.449692
"Notebook Lenovo ThinkPad ThinkPad T14 Gen 3 (Intel) 14"", Intel Core i7 i7-1255U 16GB de RAM 512GB SSD, Integrated Intel Iris Xe Graphics functions as UHD Graphics 60 Hz 1920x1200px Windows 11 Pro";;;;;7317.0;https://lista.mercadolivre.com.br/notebooks;2025-07-28 22:06:17.449692
Notebook Predator Helios 300 i7-10750H - Excelente (Recondicionado);;;;;5799.0;https://lista.mercadolivre.com.br/notebooks;2025-07-28 22:06:17.449692
"Notebook V-Series V15 15.6"" black 8GB de Ram - 1TB HDD - Intel Core i5 - Excelente (Recondicionado)";;;;;3599.0;https://lista.mercadolivre.com.br/notebooks;2025-07-28 22:06:17.449692
Notebook Vaio Fe15 Amd Ryzen 5 8gb Ram 256gb Windows 11 Home Cor Cinza;;4.8;81.0;3563.0;3076.0;https://lista.mercadolivre.com.br/notebooks;2025-07-28 22:06:17.449692
Notebook Samsung Galaxy Book4 Windows 11 Home Intel Core I3 8gb 256gb Ssd 15.6'' Full Hd Led 1.55 Kg Grafite;;4.9;4423.0;6699.0;3299.0;https://lista.mercadolivre.com.br/notebooks;2025-07-28 22:06:17.449692
"Notebook Vaio Fe16 Amd Ryzen 7-5825u Linux 32gb RAM 512gb Ssd Wi-Fi 6 Tela 16"" Ips Wuxga Antirreflexo - Cinza Grafite - Vjfe69f11xb0221h - - Permite upgrade de memória RAM e SSD";Vaio;4.8;37.0;4999.0;3799.0;https://lista.mercadolivre.com.br/notebooks;2025-07-28 22:06:17.449692
Notebook Dell Latitude 5450 Ultra 5 135u 32gb 1tb Ssd Nvme;;;;;5826.0;https://lista.mercadolivre.com.br/notebooks;2025-07-28 22:06:17.449692
Notebook Dell I7 10th 16gb 240gb Ssd Latitude 7310;;;;2599.0;2368.0;https://lista.mercadolivre.com.br/notebooks;2025-07-28 22:06:17.449692
Notebook Yoga Slim 7x 9ª geração Snapdragon 32gb 1tb14;;;;;9500.0;https://lista.mercadolivre.com.br/notebooks;2025-07-28 22:06:17.449692
Ultrabook Lenovo Thinkpad L14 Gen2 I5-1145g7 16gb Nvme256+nf Cor Preto;;3.8;8.0;;3322.0;https://lista.mercadolivre.com.br/notebooks;2025-07-28 22:06:17.449692
Notebook Dell Core I7 8a Geração 16gb Ram 256gb Ssd Windows;;;;;1890.0;https://lista.mercadolivre.com.br/notebooks;2025-07-28 22:06:17.449692
Notebook Dell Latitude E6430 I5 16gb Hd 240 Ssd Bat. Nova;;5.0;2.0;1550.0;1426.0;https://lista.mercadolivre.com.br/notebooks;2025-07-28 22:06:17.449692
Notebook Dell Latitude 3400 I5 8265 8gb 240ssd - Excelente (Recondicionado);;;;;1550.0;https://lista.mercadolivre.com.br/notebooks;2025-07-28 22:06:17.449692
Macbook Air M4 16gb Ram 256gb Ssd (2025) Midnight Sky Blue Meia-noite;;;;;8199.0;https://lista.mercadolivre.com.br/notebooks;2025-07-28 22:06:17.449692
Notebook Dell Inspiron I15 i120k-u20p 15.6 Full Hd 12ª Gera;Dell;;;3239.0;2999.0;https://lista.mercadolivre.com.br/notebooks;2025-07-28 22:06:17.449692
Notebook Dell Latitude 3450 Ultra5 135u 14t 16gb 512ssd;;;;;4350.0;https://lista.mercadolivre.com.br/notebooks;2025-07-28 22:06:17.449692
"MacBook Air 13-inch 13"" midnight 8GB de Ram - 256GB SSD - Apple Chip M3";;4.9;56.0;;7999.0;https://lista.mercadolivre.com.br/notebooks;2025-07-28 22:06:17.449692
Notebook Dell Inspiron 15 (3520) 15.6 FHD 512 GB/16 GB de RAM i5-1235U W11;;5.0;4.0;;3909.0;https://lista.mercadolivre.com.br/notebooks;2025-07-28 22:06:17.449692
Notebook Asus Vivobook Core I5 8gb 256ssd Linux 15,6 Prata Cor Prateado;;4.4;65.0;;2658.0;https://lista.mercadolivre.com.br/notebooks;2025-07-28 22:06:17.449692
Macbook Air M4 16gb 256ssd 13 Pol. Midnight (2025) | Nf-e;;;;;7998.0;https://lista.mercadolivre.com.br/notebooks;2025-07-28 22:06:17.449692
Macbook Air M2 2022 Midnight 16gb De Ram - 256gb Ssd - Apple;;5.0;1.0;;6599.0;https://lista.mercadolivre.com.br/notebooks;2025-07-28 22:06:17.449692
Macbook Air 13 Apple M4 8-core Gpu 16gb Ram 256gb Ssd Preto;;5.0;1.0;;8199.0;https://lista.mercadolivre.com.br/notebooks;2025-07-28 22:06:17.449692
Notebook Dell Vostro 3401 I5 10o 16gb 256gb Ssd Windows 11;;;;;2499.0;https://lista.mercadolivre.com.br/notebooks;2025-07-28 22:06:17.449692
Notebook Dell Latitude 5510 Core I5 10310u 16gb 256gb Ssd;;;;3799.0;3229.0;https://lista.mercadolivre.com.br/notebooks;2025-07-28 22:06:17.449692
Notebook Dell 3420, Tela Full Hd, I5 11ªger, 16gb, Ssd-256gb Cinza (Recondicionado);;;;;2599.0;https://lista.mercadolivre.com.br/notebooks;2025-07-28 22:06:17.449692
Notebook Dell Latitude 5290 I5 32gb Ram 1tb Ssd Win11 Hdmi;;;;;3250.0;https://lista.mercadolivre.com.br/notebooks;2025-07-28 22:06:17.449692
Notebook Dell Latitude Core I5 8ª Ger 16gb Ssd 256gb Windows Cinza (Recondicionado);;;;;2299.0;https://lista.mercadolivre.com.br/notebooks;2025-07-28 22:06:17.449692
Notebook Asus Vivobook Go 15 E1504ga-nj434w Intel Core I3;Carrefour;;;;2855.0;https://lista.mercadolivre.com.br/notebooks;2025-07-28 22:06:17.449692
Notebook Dell Latitude 3490 I5 7ger 16gb Ssd 240gb;;;;1800.0;1710.0;https://lista.mercadolivre.com.br/notebooks;2025-07-28 22:06:17.449692
Notebook Lenovo Thinkpad T14 Intel Core I5 10ager 16gb 256gb;;5.0;1.0;;1699.0;https://lista.mercadolivre.com.br/notebooks;2025-07-28 22:06:17.449692
Notebook Hp Probook 440 G3 I5 8gb Ssd 120gb;;;;;1599.0;https://lista.mercadolivre.com.br/notebooks;2025-07-28 22:06:17.449692
Notebook Lenovo Thinkpad X250 Intel Core I5 8gb 256gb Ssd;;5.0;2.0;1699.0;1342.0;https://lista.mercadolivre.com.br/notebooks;2025-07-28 22:06:17.449692
Notebook Lenovo Thinkpad T480 Intel Core I5 8ag 8gb Ssd128gb;;5.0;5.0;;1199.0;https://lista.mercadolivre.com.br/notebooks;2025-07-28 22:06:17.449692
Notebook Dell Latitude 3540 (FM4RY) 16gb 256ssd Fhd preto Intel Core i7 (Novo com caixa aberta);;;;;5250.0;https://lista.mercadolivre.com.br/notebooks;2025-07-28 22:06:17.449692
Macbook Air M4 16gb Ram 256gb Ssd (2025) Midnight Sky Blue Azul-celeste;;5.0;1.0;;8199.0;https://lista.mercadolivre.com.br/notebooks;2025-07-28 22:06:17.449692
Macbook Air de 13 polegadas chip SSD M4 de 256 GB cor prata;;5.0;3.0;;8100.0;https://lista.mercadolivre.com.br/notebooks;2025-07-28 22:06:17.449692
Laptop Dell Inspiron i15-i1300-M50P 15.6 Full HD de 13ª geração RAM 16 GB Core i5 Cor Preto;Dell;4.8;79.0;;4109.0;https://lista.mercadolivre.com.br/notebooks;2025-07-28 22:06:17.449692
Notebook Dell Inspiron I15-i120k-u30p 15.6  Full Hd 12ª Gera Preto;Dell;4.7;36.0;3579.0;3299.0;https://lista.mercadolivre.com.br/notebooks;2025-07-28 22:06:17.449692
Notebook Lenovo E14 Core I7-10ger 16gb 512ssd Windows 11 Preto (Recondicionado);;5.0;1.0;;3999.0;https://lista.mercadolivre.com.br/notebooks;2025-07-28 22:06:17.449692
"Notebook Vaio Fe16 Amd Ryzen 5-5625u Windows 11 Home 8gb RAM 256gb Ssd Wi-Fi 6 Tela 16"" Ips Wuxga Antirreflexo - Cinza Grafite - Vjfe69f11x-b0421h - Permite upgrade de memória RAM e SSD";Loi Brasil;5.0;1.0;4666.0;3299.0;https://lista.mercadolivre.com.br/notebooks;2025-07-28 22:06:17.449692
Notebook Gamer Acer Nitro V15 15.6 Fhd 144hz I5-13420h Ssd 512gb 8gb Ddr5 Rtx 2050 4gb Linux Gutta Anv15-51-50kd;Carrefour;4.8;256.0;4999.0;4299.0;https://lista.mercadolivre.com.br/notebooks;2025-07-28 22:06:17.449692
Notebook Gamer Lenovo Loq-e Ci5 Rtx3050 512gb 16gb W11+ubook;Mobcom;4.8;19.0;6657.0;4699.0;https://lista.mercadolivre.com.br/notebooks;2025-07-28 22:06:17.449692
Notebook Lenovo E14 Core I7-10ger 16gb 512ssd Windows 11 Preto (Recondicionado);;5.0;1.0;;3999.0;https://lista.mercadolivre.com.br/notebooks;2025-07-28 22:06:17.449692
Dell Latitude 3470 I7-6th 8gb Ram 240gb Ssd ( Detalhe );;;;2599.0;1299.0;https://lista.mercadolivre.com.br/notebooks;2025-07-28 22:06:17.449692
Notebook Dell Core I5 10th 16gb Ram 256gb Ssd Hdmi Win11 Pro Prateado (Recondicionado);;5.0;1.0;;1990.0;https://lista.mercadolivre.com.br/notebooks;2025-07-28 22:06:17.449692
Notebook Samsung Galaxy Book4 Windows 11 Home Intel Core I3 8gb 256gb Ssd 15.6'' Full Hd Led 1.55 Kg Grafite;;4.9;4423.0;6699.0;3299.0;https://lista.mercadolivre.com.br/notebooks;2025-07-28 22:06:17.449692
"Notebook Vaio Fe16 Amd Ryzen 7-5825u Linux 32gb RAM 512gb Ssd Wi-Fi 6 Tela 16"" Ips Wuxga Antirreflexo - Cinza Grafite - Vjfe69f11xb0221h - - Permite upgrade de memória RAM e SSD";Vaio;4.8;37.0;4999.0;3799.0;https://lista.mercadolivre.com.br/notebooks;2025-07-28 22:06:17.449692
Lenovo Loq-e Ci5 Rtx3050 16gb+controle Xbox Pc+giftcard R$50;Mobcom;4.8;40.0;6656.0;4999.0;https://lista.mercadolivre.com.br/notebooks;2025-07-28 22:06:17.449692
Notebook Dell Latitude 3400 Core I5 16gb 240gb Ssd;;;;;1750.0;https://lista.mercadolivre.com.br/notebooks;2025-07-28 22:06:17.449692
Notebook Dell 15.6  Fhd Intel I7 16gb 512gb Ssd Preto;Dell;4.8;36.0;;4769.0;https://lista.mercadolivre.com.br/notebooks;2025-07-28 22:06:17.449692
HP Envy X360 2 em 1 Core i5 120u 14 Tac 8gb Ram 512gb Ssd Silver Color;;5.0;1.0;;4599.0;https://lista.mercadolivre.com.br/notebooks;2025-07-28 22:06:17.449692
"Notebook Dell Inspiron 15 Intel Core i5 - 1334U 13 Geração 8GB RAM 512GB SSD Linux Tela 15,6"" Full HD I15-I1300-U30P";Dell;4.4;29.0;3469.0;3199.0;https://lista.mercadolivre.com.br/notebooks;2025-07-28 22:06:17.449692
Notebook Dell Inspiron 15.6 Full Hd AMD Ryzen 5 7520U Memória 8GB 512GB SSD Linux I15-A0507-U10P;Dell;4.6;34.0;3249.0;2999.0;https://lista.mercadolivre.com.br/notebooks;2025-07-28 22:06:17.449692
Notebook Gamer Dell G15-i1300-m75p 15.6  Fhd 13ª Geração Int Preto;Dell;4.8;11.0;8969.0;8299.0;https://lista.mercadolivre.com.br/notebooks;2025-07-28 22:06:17.449692
Lenovo Loq-e Ci5 Rtx3050 16gb+controle Xbox + Gift Card R$50;Mobcom;5.0;13.0;6656.0;4999.0;https://lista.mercadolivre.com.br/notebooks;2025-07-28 22:06:17.449692
Lenovo Loq-e Ci5 Rtx3050 16gb+controle Xbox + Gift Card R$50;Mobcom;4.9;10.0;6999.0;5299.0;https://lista.mercadolivre.com.br/notebooks;2025-07-28 22:06:17.449692
Notebook Positivo Vision C14 Lumina Bar Celeron 8gb 256gb Emmc Tela 14 Polegadas Hd Antirreflexo Linux Tecla Link - Cinza;Positivo;4.5;460.0;2099.0;1399.0;https://lista.mercadolivre.com.br/notebooks;2025-07-28 22:06:17.449692
Notebook Dell Inspiron i15-i1300-M30P 15.6 Full HD de 13ª geração 8GB de RAM 512GB SSD cor Preto;Dell;4.9;42.0;3789.0;3499.0;https://lista.mercadolivre.com.br/notebooks;2025-07-28 22:06:17.449692
Notebook Dell Inspiron 15 - I15-i120k-m25p 15.6 Full Hd 12ª i5 8GB RAM 512 SSD Windows;Dell;5.0;1.0;;3429.0;https://lista.mercadolivre.com.br/notebooks;2025-07-28 22:06:17.449692
Notebook Hp 14-dq0054dx Intel Celeron 4/64gb Tela 14  Rose;;3.9;11.0;;2299.0;https://lista.mercadolivre.com.br/notebooks;2025-07-28 22:06:17.449692
"Notebook Dell Inspiron 15 Intel Core i7 - 1355U (13ª Geração), 16GB RAM, 1TB SSD, Windows 11 Home, Tela 15,6"" Full HD - I15-I1300-M80P";Dell;4.8;111.0;;4989.0;https://lista.mercadolivre.com.br/notebooks;2025-07-28 22:06:17.449692
Notebook Dell Inspiron I15-i1300-m60p 15.6  Full Hd 13ª Gen  Preto;Dell;5.0;25.0;4639.0;4299.0;https://lista.mercadolivre.com.br/notebooks;2025-07-28 22:06:17.449692
Notebook Dell Inspiron Plus I16-u7155h-m30 16  Qhd+ Intel® C Prata Gelo;Dell;3.7;3.0;9819.0;8999.0;https://lista.mercadolivre.com.br/notebooks;2025-07-28 22:06:17.449692
Notebook Lenovo T480 Core I5-8350u 16gb Ssd 512gb Hdmi;;4.5;4.0;;2999.0;https://lista.mercadolivre.com.br/notebooks;2025-07-28 22:06:17.449692
Notebook Dell Inspiron I15-i1300-m10p 15.6  Full Hd 13ª Gen  Preto;Dell;4.4;14.0;3459.0;3199.0;https://lista.mercadolivre.com.br/notebooks;2025-07-28 22:06:17.449692
Notebook Gamer Dell G15-i1300-u25p 15.6 Fhd 13ª i5 8GB 512 SSD RTX 3050 Linux;Dell;5.0;6.0;;6009.0;https://lista.mercadolivre.com.br/notebooks;2025-07-28 22:06:17.449692
Notebook 2 Em 1 Dell Inspiron 2in1-i150u-m50 14  Fhd+ Touch  Prata Gelo;Dell;4.9;13.0;7019.0;6499.0;https://lista.mercadolivre.com.br/notebooks;2025-07-28 22:06:17.449692
Notebook Dell Inspiron I14-i120u-m20 14  Fhd+ Intel® Core 5 Prata Gelo;Dell;4.3;6.0;5199.0;4799.0;https://lista.mercadolivre.com.br/notebooks;2025-07-28 22:06:17.449692
Chromebook Acer Cb514-4ht-359x Intel I3 512/8gb 14  Touch;;;;;3059.0;https://lista.mercadolivre.com.br/notebooks;2025-07-28 22:06:17.449692
Notebook Dell Inspiron I15-i1300-m70ps 15.6  Full Hd 13ªgen  Preto;Dell;5.0;2.0;5019.0;4649.0;https://lista.mercadolivre.com.br/notebooks;2025-07-28 22:06:17.449692
Notebook Gamer Dell G15-i1300-u65p 15.6  Fhd 13ª Geração Int Preto;Dell;4.8;24.0;7309.0;6799.0;https://lista.mercadolivre.com.br/notebooks;2025-07-28 22:06:17.449692
Notebook 2 Em 1 Dell Inspiron 2in1-i1300-m10 14  Fhd+ Touch  Prata Gelo;Dell;5.0;3.0;6019.0;5599.0;https://lista.mercadolivre.com.br/notebooks;2025-07-28 22:06:17.449692
Notebook 2 Em 1 Dell Inspiron 2in1-i1300-m30 14  Fhd+ Touch  Prata Gelo;Dell;4.9;8.0;6149.0;5699.0;https://lista.mercadolivre.com.br/notebooks;2025-07-28 22:06:17.449692
"Notebook Dell Inspiron I15 Intel Core i5 - 1235U (12ª Geração), 16GB RAM, 512 SSD, Windows 11 Home, Tela 15,6"" FULL HD - I15-I120K-M30P";Dell;4.9;59.0;;3739.0;https://lista.mercadolivre.com.br/notebooks;2025-07-28 22:06:17.449692
Notebook Lenovo Ideapad Flex 5 2-em-1 I5 Ssd 512 Gb Touch;;;;;3874.0;https://lista.mercadolivre.com.br/notebooks;2025-07-28 22:06:17.449692
Notebook Lenovo Ideapad 1 R3-7320U 4GB de RAM 256GB SSD W11 Home 15.6 82x5000ebr;;4.8;1021.0;;2058.0;https://lista.mercadolivre.com.br/notebooks;2025-07-28 22:06:17.449692
Notebook Ideapad Gaming 3 R7 16gb 512gb Ssd Rtx 3060 Linux Cor Shadow black;;4.4;23.0;;6466.0;https://lista.mercadolivre.com.br/notebooks;2025-07-28 22:06:17.449692
Notebook Dell Latitude 3490 Core I5 7th 16gb 256 Ssd M2;;;;1799.0;1691.0;https://lista.mercadolivre.com.br/notebooks;2025-07-28 22:06:17.449692
Notebook Dell 8265u Core I5 8g 256ssd 8gb  W11 Touch Screen;;;;;2364.0;https://lista.mercadolivre.com.br/notebooks;2025-07-28 22:06:17.449692
Notebook Blackview Acebook 8 Tela 15.6 Intel 512/16 Gb Ssd;;;;;2499.0;https://lista.mercadolivre.com.br/notebooks;2025-07-28 22:06:17.449692
Notebook Dell Latitude 3420 I5 11th Com 16gb 512gb - Excelente (Recondicionado);Micro Livre;;;;2771.0;https://lista.mercadolivre.com.br/notebooks;2025-07-28 22:06:17.449692
Notebook I5 10gen Ssd 256gb 32gb Tela Touch Fhd Hdmi Usb-c N;INFO OUTLET;5.0;3.0;3999.0;2799.0;https://lista.mercadolivre.com.br/notebooks;2025-07-28 22:06:17.449692
"Notebook ASUS Vivobook 15 X1504VA Intel Core i5 1334U 16Gb Ram 1TB SSD Linux KeepOS Intel Iris Xe Tela 15,6"" LED FHD Silver NJ2247";;4.4;10.0;3899.0;3399.0;https://lista.mercadolivre.com.br/notebooks;2025-07-28 22:06:17.449692
"Apple MacBook Pro A2251 (Mid 2020) 13"" - 512 GB de SSD - Cinza-espacial - Bom (Recondicionado)";;;;;4099.0;https://lista.mercadolivre.com.br/notebooks;2025-07-28 22:06:17.449692
Notebook Dell Inspiron I15-a0507-m10p 15.6  Full Hd Amd Ryze Preto;Dell;4.9;9.0;3569.0;3299.0;https://lista.mercadolivre.com.br/notebooks;2025-07-28 22:06:17.449692
Notebook Lenovo Thinkbook 14 Intel Core I7 16gb 512gb W11pro;Lenovo;;;;6479.0;https://lista.mercadolivre.com.br/notebooks;2025-07-28 22:06:17.449692
Notebook Lenovo V14 G4 Intel Core I5 8gb 256gb Ssd Linux 14;Lenovo;5.0;1.0;3349.0;3089.0;https://lista.mercadolivre.com.br/notebooks;2025-07-28 22:06:17.449692
"Notebook Latitude 5400 14"" preto 16GB de Ram - 512GB SSD - Intel Core i5";;4.2;67.0;;3456.0;https://lista.mercadolivre.com.br/notebooks;2025-07-28 22:06:17.449692
Notebook Hp 240 G7 I5-8250u 8gb 240gb Ssd Cor Preto - Excelente (Recondicionado);;;;1844.0;1696.0;https://lista.mercadolivre.com.br/notebooks;2025-07-28 22:06:17.449692
Notebook Asus Vivobook S14 Core Ultra 7 32gb 1tb Ssd W11;Asus;5.0;3.0;9499.0;7999.0;https://lista.mercadolivre.com.br/notebooks;2025-07-28 22:06:17.449692
