nome,vendedor,Avaliação,reviews,preco_antigo,preco_atual
Notebook Lenovo Thinkpad T480 14  I5 8ª 8gb Ssd 256gb,Micro Livre,4.7,68,1.799,1.673
Lenovo E14 G2core I5-113g7  8gb De Ram Nvme De 256gb W10 Pro,Micro Livre,Avaliação não encontrada,reviews não encontrados,2.899,2.754
"Notebook Lenovo Ideapad 1 Intel Core i3 1215U 8GB RAM 256GB SSD Windows 11 Home Tela 15,6"" 82VY000SBR",Eshop,4.8,5440,3.699,2.32
"Notebook Asus Vivobook 15 X1504va Intel Core I5 1334u 8gb Ram 512gb Ssd Linux Keepos Intel Iris Xe Tela 15,6 Led Fhd Silver - Nj1741",Asus,5.0,7,3.099,2.663
"Notebook Samsung Galaxy Book4 Intel® U300 (1.20 Ghz, até 4.4GHz, 8 MB L3 Cache), Windows 11 Home, 8GB, 256GB SSD, UHD Graphics, 15.6'' Full HD LED, 1.55kg",Vikings,4.8,8175,4.499,2.899
Notebook Acer Aspire 5 Ryzen 7 15.6 Radeon 512gb 8gb Linux,Mobcom,4.8,979,4.999,3.099
Notebook Lenovo T480 Core I5-8ªth 16gb Ssd 240gb Tela Hd Cor Black - Excelente (Recondicionado),Micro Livre,Avaliação não encontrada,reviews não encontrados,Preço não encontrado,1.849
"Notebook Acer A515-57-5429 Intel Core i5-12450H 16GB RAM 512GB SSD Tela de 15,6'' Linux Gutta",Mercado Livre,4.8,1456,4.285,2.999
Notebook Gamer Acer Nitro V Intel Core i7 13ª Geração 16GB 512GB RTX4050 Linux Gutta 15.6' FHD ANV15-51-7037,Acer Brasil,4.8,1872,Preço não encontrado,7.299
Notebook Dell Inspiron I15-i120k-a25p I5 8gb 512gb 15.6 W11,Dell,4.8,1802,3.698,3.339
"Notebook Asus X515 Intel Celeron Dual Core N4500 4gb Ram 128gb Ssd Windows 11 Home Tela 15,6 Led Hd Slate Grey - Br309ws",Vendedor não encontrado,4.7,622,Preço não encontrado,1.666
"Notebook Positivo Duo 2 em 1 Intel Celeron C4128B-3 4GB 128GB 11,6"" IPS HD Windows 11",Positivo,4.5,5028,1.649,1.349
"Notebook Lenovo Ideapad 1i Intel Core i5 - 1235U, 8GB RAM, 512GB SSD, Windows 11 Home, Tela 15,6'' HD - 82VY000QBR",Vikings,4.8,4606,4.199,2.999
"Notebook Positivo Vision Intel Core i3 8gb RAM 256gb Ssd Tela 15.6"" Full Hd Linux - Preto",123 Comprou,4.6,115,3.284,2.024
Notebook Lenovo Ideapad 1i Celeron Office 365 4gb 128gb W11,Vikings,4.7,418,2.712,1.785
"Notebook VAIO FE15 Intel Core i5 12th 16GB 512GB SSD Tela 15,6'' Full HD Antirreflexo Windows 11 Home Cinza Grafite B2621H",INPOWER,4.8,692,4.599,3.699
"Notebook Gamer Acer Nitro V ANV15-51-57WS Intel® Core™ i5-13420H 13ªGeração 512SSD 8GB Nvidia® GeForce® RTX 3050 GDDR6 Linux Gutta 15,6'",Acer Brasil,4.8,3389,5.299,4.649
Notebook Acer Predator Gamer Phn16-71-72w6 I7-13650hx 16gb 512gb Ssd Rtx 4060 Windows 11 Home Tela 16 Wuxga,Acer Brasil,4.9,872,Preço não encontrado,10.999
Notebook Acer Aspire 15 A15-51M-56KR / Intel® Core™ i5-13420H 13ª geração / 16 GB / 512SSD / 15.6” Full HD,Vikings,4.8,487,4.855,3.399
Notebook Positivo Vision C14 Lumina BAR Celeron 4GB 128GB eMMC Tela 14 Polegadas HD Antirreflexo Windows 11 Tecla Link Cinza,Positivo,4.6,4343,1.799,1.378
Notebook Acer Aspire 5 A515-45-r0xr Ryzen7 8gb 256gb Ssd 15.6 Full Hd Linux Gutta,Vikings,4.8,749,4.141,2.754
"Notebook Acer Aspire 3 Intel Core I3 - N305, 8G RAM, 256GB SSD, Windows 11 Home, Tela 15,6"" Full HD - A315-510P-34XC 110V/220V",Mercado Livre,4.8,8937,3.682,2.584
"Notebook ASUS Vivobook Go E1504GA Intel Core i3 N305 8GB Ram 512GB SSD Windows 11 Tela 15,6"" FHD Silver - NJ435W",Asus,4.9,710,3.199,2.389
Notebook Acer Gamer Nitro V15 Intel Core i7 13ª Ger. 32GB 512SSD RTX3050 com 6GB GDDR6 Nvidia GeForce Linux Gutta ANV15-51-73BP,Vikings,4.9,179,8.998,6.299
"Gaming Laptop, Laptop Intel Core I5 Up To 3.60ghz, 16 Inc...",Vendedor não encontrado,Avaliação não encontrada,reviews não encontrados,Preço não encontrado,2.376
"Notebook Multi Ultra Celeron N4020c 4gb 128gb W11 15,6'' Cinza - Ub261",123 Comprou,4.5,387,2.055,1.367
"Notebook Gamer Acer Nitro V Intel Core I5 - 13420H, 8GB Ram, 512GB SSD, NVIDIA RTX4050, Windows 11 Home, Tela 15,6"" Full HD - ANV15-51-54DL",Acer Brasil,4.8,1413,Preço não encontrado,7.299
Notebook Positivo Vision C15 Lumina Bar Celeron 4gb 128gb Emmc Tela 15 Hd Antirreflexo Windows 11 Tecla Link Cinza,Positivo,4.6,3435,1.999,1.599
Notebook Acer Nitro V15 ANV15-51-58AZ Core I5-13420h 8gb 512gb Rtx 3050 Cor Preto,Mercado Livre,4.8,1236,7.398,4.962
Notebook Dell Inspiron I15-i120k-a35p I5 16gb 1tb 15.6 W11,Dell,4.8,2043,4.399,3.799
Notebook VAIO FE16 AMD Ryzen 5-5625U Linux 8GB RAM 256GB SSD Wi-Fi 6 Tela 16'' IPS WUXGA Antirreflexo - Cinza Grafite - Vjfe69f11x-b0411h - Permite upgrade de memória RAM e SSD,123 Comprou,4.9,42,4.998,2.879
"Notebook Positivo Vision C15 Lumina Bar Celeron, 8GB 128GB eMMC, Tela 15.6"" HD Antirreflexo, Windows 11, Tecla Link, Cinza",Positivo,4.6,1068,2.798,1.799
"Notebook Lenovo Ideapad 1i Intel Core I3 - 1215U, 4GB RAM, 256GB SSD, Windows 11 Home, Tela 15.6'' - 82VY000TBR Cor cinza",TCN,4.8,1457,3.569,2.289
"Notebook Positivo Vision R15 Lumina Bar, AMD Ryzen 5 8GB 256GB, Tela 15 polegadas Full HD Antirreflexo, Linux - Preto",Positivo,4.7,43,3.9,2.422
Notebook Gamer Predator Helios Neo / Phn16-72-74vx / Intel® Core I7-14700hx De 14ªgeração / 16gb / 512ssd / Windows 11 Home / Nvidia Geforce Rtx 4070 Gddr6 / Tela 16,Acer Brasil,4.8,100,Preço não encontrado,12.999
Notebook Asus Vivobook Go Core I3 N305 4gb 256ssd W11 Fhd,Mercado Livre,4.7,609,2.599,2.368
"Notebook Lenovo IdeaPad 3i Intel Core I3 - 1115G4, 8GB RAM, 256GB SSD, Windows 11 Home, Tela 15,6"" - 82MD0010BR",123 Comprou,4.8,668,4.141,2.879
"Notebook Lenovo Ideapad 1i I7 12gb 512gb Ssd 15,6 Cloud Grey",Fast Shop,4.8,10,4.199,3.62
"Notebook Asus Vivobook Go 15 E1504fa Amd Ryzen 5 7520u 8gb Ram 1tb Ssd Linux Keepos Tela 15,6 Fhd Black - Nj1289",Vendedor não encontrado,4.7,104,5.199,2.664
"Notebook Inspiron I16-U7155H-A10 16"" prateado 16GB de Ram - 1TB SSD - Intel Core Ultra 7",Dell,5.0,4,Preço não encontrado,10.063
"Notebook Vaio fe16 amd ryzen 5-5625u linux 12gb 512gb ssd tela 16"" ips wuxga antirreflexo cinza grafite vjfe69f11x-b1211h memória expansível até 64gb",Eshop,4.7,26,3.849,3.098
Notebook Acer Vero AV15-53P-56HM Intel® Core™ i5 – 1335U 15.6” Full HD Intel® Iris® Xe 512 GB SSD 8 GB RAM Windows 11 Home,2Eletro,4.9,47,4.199,3.599
Notebook Acer Aspire 5 A15-51M-54E6 / Intel Core™ i5-13420H de 13ª Geração / 8GB / 512SSD / Windows 11 Home / 15.6” Full HD,Acer Brasil,4.8,451,Preço não encontrado,3.599
"Notebook ThinkPad E14 14"" black 16GB de Ram 256GB SSD Intel Core i5 - Excelente (Recondicionado)",Micro Livre,Avaliação não encontrada,reviews não encontrados,Preço não encontrado,2.506
"Notebook Latitude 3420 14"" preto 8GB de Ram - 256GB SSD - Intel Core i5 - Excelente (Recondicionado)",Micro Livre,Avaliação não encontrada,reviews não encontrados,Preço não encontrado,2.599
"Notebook ASUS Vivobook Go E1504FA AMD Ryzen 5 7520U 8GB Ram 256GB SSD Windows 11 Tela 15,6"" FHD Black - NJ825W",Mercado Livre,4.8,144,Preço não encontrado,2.944
"Notebook VAIO FE15 Intel Core i5 12ªgen 8GB 512GB SSD Tela 15,6'' Full HD Antirreflexo Linux - Cinza Grafite - VJFE54F11XB2321H",Eshop,4.8,43,4.95,2.89
Notebook Vaio Intel Core I7 10ª Geração 16gb Ssd 256gb Cinza (Recondicionado),Canal Eletro,Avaliação não encontrada,reviews não encontrados,Preço não encontrado,1.899
Notebook Dell Inspiron I15-i120k-a15p I3 8gb 512gb 15.6 W11,Dell,4.8,1006,2.999,2.829
Notebook Lenovo V14 Amd R5 7520u 8gb 256gb Ssd W11 Pro Preto,2Eletro,4.0,5,4.11,3.199
Notebook Dell Inspiron I15-i120k-u25m 15.6  Full Hd 12ª Gera Preto,Dell,4.8,8,3.319,3.069
"Notebook Lenovo IdeaPad 3i Intel Core I3 - 1115G4, 8GB RAM, 256GB SSD, Windows 11 Home, Tela 15,6"" - 82MD0010BR",123 Comprou,4.8,668,4.141,2.879
"Notebook Vaio Fe16 Amd Ryzen 5-5625u Windows 11 Home 8gb RAM 256gb Ssd Wi-Fi 6 Tela 16"" Ips Wuxga Antirreflexo - Cinza Grafite - Vjfe69f11x-b0421h - Permite upgrade de memória RAM e SSD",Loi Brasil,5.0,1,4.666,3.299
"Notebook VAIO FE15 Intel Core i5 12ªgen 8GB 512GB SSD Tela 15,6'' Full HD Antirreflexo Linux - Cinza Grafite - VJFE54F11XB2321H",Eshop,4.8,43,4.95,2.89
Notebook Vaio Intel Core I7 10ª Geração 16gb Ssd 256gb Cinza (Recondicionado),Canal Eletro,Avaliação não encontrada,reviews não encontrados,Preço não encontrado,1.899
Notebook Dell Inspiron I15-i120k-a15p I3 8gb 512gb 15.6 W11,Dell,4.8,1006,2.999,2.829
Notebook Lenovo V14 Amd R5 7520u 8gb 256gb Ssd W11 Pro Preto,2Eletro,4.0,5,4.11,3.199
"Notebook Samsung Galaxy Book4 Ultra Intel® Core™ Ultra 9 185H , Windows 11 Home, 32GB, 1TB SSD, 16'' WQXGA+ AMOLED 2x, antirreflexo, touchscreen, 1.86 kg",Samsung,4.6,42,14.199,13.489
Apple Macbook air 13 M4 16gb Ram 256gb Ssd Meia-noite,Vendedor não encontrado,Avaliação não encontrada,reviews não encontrados,Preço não encontrado,9.699
"Notebook Samsung Galaxy Book4 Intel® Core™ i5-1335U, Windows 11 Home, 8GB, 256GB SSD, Iris Xe, 15.6'' Full HD LED, 1.55kg",Vikings,4.9,1356,5.712,3.899
"Notebook Lenovo Ideapad 1i Intel Core i5 - 1235U, 8GB RAM, 512GB SSD, Windows 11 Home, Tela 15,6'' HD - 82VY000QBR",Vikings,4.8,4606,4.199,2.999
"Notebook VAIO FE15 Intel Core i5 12th 16GB 512GB SSD Tela 15,6'' Full HD Antirreflexo Windows 11 Home Cinza Grafite B2621H",INPOWER,4.8,692,4.599,3.699
"Notebook Asus Vivobook 15 X1504va Intel Core I5 1334u 8gb Ram 512gb Ssd Intel Iris Xe Windows 11 Home Tela 15,6 Fhd Silver - Nj1740w",Asus,5.0,19,3.599,3.113
Notebook Hp Probook 440 G9 Intel Core I3-1215u 14 Intel Uhd 256gb 8gb Ram Windows 11 Pro- 839y2la#ak4,HP,4.9,20,4.944,2.469
Notebook Lenovo LOQ-e 15iax9e Intel Core i5-12450hx 16gb 512gb Ssd Rtx 3050 Windows 11 15.6 - 83me0007br Luna Grey,Lenovo,4.9,419,5.859,4.799
"Notebook Gamer Acer Nitro V15 I7-13620h 13ªGen 8gb 512gb Rtx3050 6gb Linux 15.6"" FHD Preto - Anv15-51-7837",Eshop,4.8,80,7.419,4.929
"Notebook Vaio Fe16 Amd Ryzen 7-5825u Linux 16gb RAM 512gb Ssd Wi-Fi 6 Tela 16"" Ips Wuxga Antirreflexo Cinza Grafite Vjfe69f11xb0121h - Permite upgrade de memória RAM e SSD",Vaio,4.8,68,4.799,3.299
"Notebook Lenovo IdeaPad 1i Intel Core i3-1215U 4GB 256GB SSD Linux 14"" 83AFS00500",Lenovo,4.8,5440,2.199,1.914
"Notebook Multi Ultra Celeron N4020c 4gb 128gb W11 15,6'' Cinza - Ub261",123 Comprou,4.5,387,2.055,1.367
Notebook Acer Aspire 5 Ryzen 7 15.6 Radeon 512gb 8gb Linux,Mobcom,4.8,979,4.999,3.099
Notebook VAIO FE16 AMD Ryzen 5-5625U Linux 8GB RAM 256GB SSD Wi-Fi 6 Tela 16'' IPS WUXGA Antirreflexo - Cinza Grafite - Vjfe69f11x-b0411h - Permite upgrade de memória RAM e SSD,123 Comprou,4.9,42,4.998,2.879
Rhodia QUADRICULADO A5 Capa Laranja 80 folhas  quadriculadas unidade x 1,Vendedor não encontrado,Avaliação não encontrada,reviews não encontrados,Preço não encontrado,51.0
"Notebook Lenovo IdeaPad 1 15IAU7 Intel Core i7-1255U HD 15.6"" Intel Iris Xe 512GB SSD 12GB RAM Windows 11- 82VY000PBR",Login,4.7,264,4.999,3.799
"Notebook Samsung Galaxy Book4 Intel® Core™ i5-1335U, Windows 11 Home, 8GB, 256GB SSD, Iris Xe, 15.6'' Full HD LED, 1.55kg",Vikings,4.9,1356,5.712,3.899
"Notebook Vaio Fe15 - Intel Core I3 12th, 8gb 256gb Ssd, Tela 15,6'' Full Hd Antirreflexo, Linux - Vjfe54f11x-b0921h - Cinza Grafite",Eshop,5.0,1,3.9,2.535
"Notebook Lenovo Ideapad 1i Intel I5-1235u 8gb 512gb 15,6 W11",2Eletro,4.8,24,3.999,3.059
"Notebook Asus Vivobook 15 X1504va Intel Core I5 1334u 8gb Ram 256gb Ssd Windows 11 Home Intel Iris Xe Tela 15,6 Led Fhd Blue - Nj1737w",Mercado Livre,5.0,2,3.249,2.91
Notebook Acer Aspire 15 555Q Intel Ci5 13gen 8gb 256ssd W11,Mercado Livre,4.8,482,4.372,2.699
Notebook Positivo Vision C15 Lumina Bar Celeron 8gb 128gb Emmc 15 Hd Linux - Cinza,123 Comprou,Avaliação não encontrada,reviews não encontrados,3.123,1.664
Notebook Lenovo T490 Core I5 8365u 1.6ghz Ssd 256gb 16gb 8ª Cor Preto,Vendedor não encontrado,4.1,7,Preço não encontrado,2.099
"Notebook Asus Vivobook 15 X1504va Intel Core I5 1334u 16gb Ram 512gb Ssd Windows 11 Home Tela 15,6 Led Fhd Blue - Nj1745w",Asus,4.4,7,4.399,3.809
"Notebook Acer Aspire 5 Intel Core I5 - 12450H 8GB RAM 256GB SSD Windows 11 Home Tela 15,6"" Full HD A515-57-55B8 Bivolt",Mercado Livre,4.8,7661,4.117,3.096
Notebook Vaio Fe15 Amd Ryzen 5 8gb Ram 256gb Windows 11 Home Cor Cinza,Vendedor não encontrado,4.8,81,3.563,3.076
Notebook Acer Aspire 5 15.6 Fhd I5-12450h 256gb Ssd 8gb Cor Cinza,Itotal,4.6,116,3.99,2.747
Notebook Hp 256r G9 Intel Core I5-1335u 15.6 Hd Intel Uhd Graphics 256gb Ssd 8gb Ram Windows 11 Home 64 Sl- Ay6z4la#ak4,HP,4.8,239,3.517,2.799
Notebook Dell Inspiron 5402 Core I5 11th 8gb 256gb Ssd Win10 - Excelente (Recondicionado),Micro Livre,Avaliação não encontrada,reviews não encontrados,2.999,2.789
"Notebook Samsung Galaxy Book4 Ultra Intel® Core™ Ultra 7 155H , Windows 11 Home, 32GB, 1TB SSD, 16'' WQXGA+ AMOLED 2x, antirreflexo, touchscreen, 1.86 kg",Samsung,4.7,94,12.699,11.114
"Notebook Vaio Fe16 Amd Ryzen 7-5825u Linux 32gb RAM 512gb Ssd Wi-Fi 6 Tela 16"" Ips Wuxga Antirreflexo - Cinza Grafite - Vjfe69f11xb0221h - - Permite upgrade de memória RAM e SSD",Vaio,4.8,37,4.999,3.799
Notebook Hp 250r G9 Intel Core I5 1335u 8gb 256gb Ssd 15.6 W11 Pro Ay6w3la,2Eletro,4.3,11,3.61,3.099
"Notebook ASUS Vivobook Go 15 E1504FA AMD Ryzen 3 7320U 4Gb Ram 128Gb SSD Windows 11 Home Tela 15,6 FHD Mixed Black - NJ1364W",Vendedor não encontrado,4.7,104,2.9,2.262
Notebook Hp 256r G9 Intel Core I3-1315u 15.6 Hd Intel Uhd Graphics 256gb Ssd 8gb Ram Windows 11 Home 64 Sl - AN1A2LA#AK4,HP,4.8,285,3.232,2.499
"Notebook Samsung Book4 I5-1335u 8gb 256gb Ssd 15,6 Full Hd Windows 11 Pro Np754xgj-kg5br 110v/220v",2Eletro,4.9,62,4.398,3.899
Notebook Dell Inspiron I15-i120k-a10p 15.6 I3 8gb 256gb W11,Dell,4.8,1177,Preço não encontrado,3.132
Notebook Dell 15.6 Fhd I5 8gb 512gb Ssd Rtx 3050,Dell,4.9,95,Preço não encontrado,5.46
"Notebook Samsung Galaxy Book3 360 Intel Core I5 1335U, 8GB, 256GB SSD Tela 13.3' Windows11H - NP730QFG-KF2BR",Vendedor não encontrado,4.8,70,Preço não encontrado,5.636
Notebook Lenovo Ideapad 1i I5 1235u 8gb 512gb Ssd Win11 Home,Eshop,5.0,1,3.959,2.925
Notebook Dell Latitude 7490 I7 8° 16gb Ssd 512gb Win 11,Vendedor não encontrado,4.3,4,Preço não encontrado,2.871
Notebook Lenovo Thinkpad T495 Ryzen 5 Pro Ram 8gb Ssd 256gb,Micro Livre,Avaliação não encontrada,reviews não encontrados,2.499,1.574
Notebook Dell Xps 13 Intel Core Ultra 7 16gb 1tb Ssd Win11 Prata,Dell,5.0,1,15.199,13.999
"Notebook Positivo Vision R15 Lumina Bar, Amd Ryzen 7 8gb 256gb, Tela 15 Full Hd Antirreflexo, Linux - Preto",Positivo,4.7,109,3.599,2.499
"Notebook Lenovo Ideapad 1i Intel Core i3 1215U 4GB 256GB Linux 15,6"" HD 82VYS00600",Vendedor não encontrado,4.8,5440,Preço não encontrado,2.499
"Notebook Gamer ASUS TUF Gaming A15, Ryzen 7, RTX 2050, 8GB RAM, 512GB SSD, Tela 15.6 IPS 144Hz, Linux KeepOS, Graphite Black - FA506NFR-HN069",Asus,4.8,122,5.299,4.899
Notebook 2 Em 1 Dell Inspiron 2in1-i1300-m10c 14  Fhd+ Touch Prata Gelo,Dell,5.0,2,6.179,5.759
Notebook Lenovo Thinkpad T470 Core I5 6ta 240gb + 8gb Cor Preto - Excelente (Recondicionado),Vendedor não encontrado,Avaliação não encontrada,reviews não encontrados,1.789,1.413
Notebook Lenovo Ideapad 1 Ryzen 5 - 7520u 8gb 512gb Ssd Linux 15.6 82X5S00500,Lenovo,4.8,1021,2.699,2.379
"Notebook Positivo Vision C15 Lumina Bar Celeron, 8gb 256gb Emmc, Tela 15 Polegadas Hd Antirreflexo, Linux, Tecla Link, Cinza",Positivo,4.7,183,2.199,1.599
"Notebook Samsung Galaxy Book4, Windows 11 Home, Intel® Core 5, 16gb, 512gb Ssd, Nvidia® Geforce® Mx570, 15.6'' Full Hd Led, Fingerprint - Grafite",Samsung,4.7,16,5.849,5.556
Notebook Dell Inspiron I15-i120k-u25m 15.6  Full Hd 12ª Gera Preto,Dell,4.8,8,3.319,3.069
"Notebook Lenovo IdeaPad 3i Intel Core I3 - 1115G4, 8GB RAM, 256GB SSD, Windows 11 Home, Tela 15,6"" - 82MD0010BR",123 Comprou,4.8,668,4.141,2.879
"Notebook Vaio Fe16 Amd Ryzen 5-5625u Windows 11 Home 8gb RAM 256gb Ssd Wi-Fi 6 Tela 16"" Ips Wuxga Antirreflexo - Cinza Grafite - Vjfe69f11x-b0421h - Permite upgrade de memória RAM e SSD",Loi Brasil,5.0,1,4.666,3.299
"Notebook Positivo Vision C15 Lumina Bar Celeron, 8gb 256gb Emmc, Tela 15 Polegadas Hd Antirreflexo, Linux, Tecla Link, Cinza",Positivo,4.7,183,2.199,1.599
"Notebook Samsung Galaxy Book4, Windows 11 Home, Intel® Core 5, 16gb, 512gb Ssd, Nvidia® Geforce® Mx570, 15.6'' Full Hd Led, Fingerprint - Grafite",Samsung,4.7,16,5.849,5.556
Notebook Asus Vivobook 16 Intel Core I7 1355U 16GB RAM 1TB SSD Windows 11 Home Tela 16 Fhd Cool Silver – X1605VA-MB764W,Mercado Livre,4.8,154,Preço não encontrado,5.159
Notebook Thinkpad T460 I5 8gb/ssd240gb Windows10pro Digital - Bom (Recondicionado),Vendedor não encontrado,Avaliação não encontrada,reviews não encontrados,1.55,1.271
"Notebook ASUS VivoBook Go 15 AMD Ryzen 5 7520U 8GB 512GB SSD KeepOS Tela 15,6"" FHD Mixed Black - E1504FA-NJ732",Asus,4.8,1070,2.899,2.464
Notebook Gamer Rog Strix G16 Core I9 16gb 512ssd W11 Rtx 4060 Cor Cinza Asus,Mercado Livre,4.9,56,12.5,10.429
"Notebook Samsung Galaxy Book4 Intel® Core™ i5-1335U, Windows 11 Home, 8GB, 256GB SSD, Iris Xe, 15.6'' Full HD LED, 1.55kg",Vikings,4.9,1356,5.712,3.899
"Notebook Lenovo Ideapad 1i Intel Core i5 - 1235U, 8GB RAM, 512GB SSD, Windows 11 Home, Tela 15,6'' HD - 82VY000QBR",Vikings,4.8,4606,4.199,2.999
"Notebook VAIO FE15 Intel Core i5 12th 16GB 512GB SSD Tela 15,6'' Full HD Antirreflexo Windows 11 Home Cinza Grafite B2621H",INPOWER,4.8,692,4.599,3.699
"Notebook Asus Vivobook 15 X1504va Intel Core I5 1334u 16gb Ram 512gb Ssd Linux Keepos Intel Iris Xe Tela 15,6 Led Fhd Blue - Nj1746",Asus,4.9,29,3.699,3.113
"Notebook ASUS TUF Gaming F15 Intel Core i7 13620H RTX4060 16GB RAM 512GB SSD Windows 11 Home Tela 165Hz Nivel IPS 15,6"" FHD Mecha Gray - FX507VV-HQ333W",Mercado Livre,4.8,21,11.499,8.796
Notebook Asus Vivobook S14 S3407va Intel Core I7 13620h 16gb Ram 512gb Ssd Windows 11 Tela 14 Led Fhd Silver - Ly043w,Asus,Avaliação não encontrada,reviews não encontrados,5.999,5.329
Notebook Dell Inspiron 15 Intel I7 1255u 8gb 512gb Ssd Preto,Login,Avaliação não encontrada,reviews não encontrados,4.999,4.699
Notebook I5 8350u Ssd 240 Gb 8gb Ddr4 Usb C Hdmi Lan T480,Vendedor não encontrado,5.0,1,1.894,1.704
Notebook Lenovo Ideapad 1 Ryzen 3 7320U 4gb 256gb SSD Linux 15.6 HD 82x5s00600,Lenovo,4.7,288,2.099,1.849
"Notebook Multi Ultra Celeron N4020c 4gb 128gb W11 15,6'' Cinza - Ub261",123 Comprou,4.5,387,2.055,1.367
Notebook Acer Aspire 5 Ryzen 7 15.6 Radeon 512gb 8gb Linux,Mobcom,4.8,979,4.999,3.099
Notebook VAIO FE16 AMD Ryzen 5-5625U Linux 8GB RAM 256GB SSD Wi-Fi 6 Tela 16'' IPS WUXGA Antirreflexo - Cinza Grafite - Vjfe69f11x-b0411h - Permite upgrade de memória RAM e SSD,123 Comprou,4.9,42,4.998,2.879
"Notebook Lenovo Ideapad Intel Celeron - N4020, 4GB RAM, 128SSD, Windows 11 Home C/office, Tela Led 15,6"", Cor Cinza - 82VX0001BR",Eletro2U,4.7,1853,2.499,1.849
"Notebook Asus X515ka-br309ws Celeron 4gb 128gb W11 Home 15,8",2Eletro,5.0,1,2.373,1.769
"Notebook Acer Aspire 3 Intel Core i3– N305 FHD 15.6"" LED TN UHD para processadores Inte 256GB SDD 8GB RAM Debian 64 bits Prata - A315-510P-320B",Eshop,4.9,399,3.19,2.429
Notebook Positivo Vision C14 Lumina Bar Celeron 8gb 256gb Emmc Tela 14 Polegadas Hd Antirreflexo Linux Tecla Link - Cinza,Positivo,4.5,460,2.099,1.399
Notebook Hp Elitebook 845 G8 Ryzen 3 Pro 16gb Ram 256gb Ssd Prata (Recondicionado),Vendedor não encontrado,Avaliação não encontrada,reviews não encontrados,Preço não encontrado,2.149
"Notebook Lenovo Yoga Slim 7i Intel Core Ultra 5 125H 16gb RAM 512gb SSD Windows 11 Home Tela 14"" 83GM0003BR",Fast Shop,4.9,14,5.796,4.997
"Notebook Lenovo Ideapad 1i Intel I5-1235u 8gb 512gb 15,6 W11",2Eletro,4.8,20,3.699,3.299
Notebook Positivo Vision C14 Intel® Celeron® Linux 4GB 128GB eMMC 14” HD Lumina BAR – Cinza,Positivo,4.6,4343,1.849,1.229
"Notebook Asus Vivobook 15 X1504va Intel Core I5 1334u 8gb Ram 256gb Ssd Linux Keepos Intel Iris Xe Tela 15,6 Led Fhd Silver - Nj1739",Mercado Livre,5.0,7,Preço não encontrado,3.199
Notebook Asus Vivobook 16 X1607qa Qualcomm Snapdragon X1 26 100 16gb Ram 512gb Ssd Windows 11 Home Tela 16 Fhd Silver - Mb062w,Asus,Avaliação não encontrada,reviews não encontrados,5.299,4.709
"Notebook Lenovo Ideapad 1i Intel Core I3 - 1215U, 4GB RAM, 256GB SSD, Windows 11 Home, Tela 15.6'' - 82VY000TBR Cor cinza - Excelente (Recondicionado)",Vikings,Avaliação não encontrada,reviews não encontrados,Preço não encontrado,2.199
"Notebook Positivo Vision R15 Lumina Bar Amd Ryzen 5 16gb 512gb, Tela 15 Full Hd Antirreflexo, Linux - Preto",Positivo,4.3,36,3.899,2.649
Notebook Asus Tuf Gaming F16 Fx607vu Rtx4050 Intel Core 5 210h 16gb Ram 512gb Ssd Windows 11 Tela Nível Ips 16 Led 144hz Gray - Rl053w,Vendedor não encontrado,4.8,10,7.999,7.249
Notebook Lenovo Intel Core I5 8350u 8gb Ddr4 Ssd M.2 256gb - Excelente (Recondicionado),Micro Livre,Avaliação não encontrada,reviews não encontrados,2.199,1.539
Notebook Acer Vero Av15-53p-56hm I5 8gb 512gb Nx.kpual.001,2Eletro,Avaliação não encontrada,reviews não encontrados,6.099,3.699
"Notebook ASUS Vivobook 15 M1502YA AMD Ryzen 7 5825U 16GB Ram 1TB SSD Linux KeepOS 15,6"" FHD Cool Silver - NJ613",Vendedor não encontrado,5.0,2,Preço não encontrado,3.199
"Notebook ASUS Vivobook Go 15 E1504FA-NJ836W AMD Ryzen 5 7520U 2,8 GHz 8GB 512GB SSD Windows 11 Home 15,6"" Full Hd Preto",Login,4.8,434,3.599,3.199
Notebook Asus Zenbook S14 Oled Ux5406sa Intel Core Ultra 7 256v 16gb Ram 1tb Ssd Windows 11 Home Tela 14 Fhd 120hz Gray - Pz176w,Asus,Avaliação não encontrada,reviews não encontrados,9.999,8.719
"Notebook Asus Vivobook Go 15 E1504fa Amd Ryzen 3 7320u 4gb Ram 128gb Ssd Linux Keepos Tela 15,6 Fhd Black - Nj1291",Asus,4.6,268,1.999,1.709
Notebook Gamer Acer Nitro V15 I5-13420h 512gb 8gb Rtx 3050,INPOWER,Avaliação não encontrada,reviews não encontrados,Preço não encontrado,7.399
"Notebook Vaio Fe16 Amd Ryzen 5-5625u Windows 11 Home 8gb RAM 256gb Ssd Wi-Fi 6 Tela 16"" Ips Wuxga Antirreflexo - Cinza Grafite - Vjfe69f11x-b0421h - Permite upgrade de memória RAM e SSD",Loi Brasil,5.0,1,4.666,3.299
Notebook Acer Vero AV15-53P-51MR Intel Core i5 – 1335U de 13ªG 8GB 512GB SSD W11 15.6 FHD,Acer Brasil,Avaliação não encontrada,reviews não encontrados,Preço não encontrado,7.999
Notebook Lenovo LOQ-e 15iax9e Intel Core i5-12450hx 16gb 512gb Ssd Rtx 3050 Linux 15.6 - 83mes00000 Luna Grey,Lenovo,4.9,110,5.299,4.579
Dell Latitude 3450 i5-1335U SSD de 256 GB Ddr5 Hd Win11 Pro Cinza,Vendedor não encontrado,Avaliação não encontrada,reviews não encontrados,Preço não encontrado,5.549
"Notebook Positivo Vision R15 Lumina Bar, Amd Ryzen 5 16gb 512gb, Tela 15 Polegadas Full Hd Antirreflexo, Windows 11 Home Tecla Copilot - Preto",Positivo,4.6,34,4.099,2.999
Notebook Asus Zenbook 14 Oled Ux3405ma Intel Core Ultra 9 185h Ai 32gb Ram 1tb Ssd Windows 11 Home Tela 14 Blue - Pp809w,Asus,4.2,10,11.599,9.859
"Notebook Gamer Dell G15-i1300-D35P 15.6"" FHD 13ª Geração Intel Core i5 16GB 512GB SSD NVIDIA RTX 3050 Linux",Vendedor não encontrado,4.8,245,Preço não encontrado,5.99
Notebook Dell Core I5 10th Gen 16gb Ram 256gb Ssd Windows 11 Prateado (Recondicionado),Vendedor não encontrado,Avaliação não encontrada,reviews não encontrados,Preço não encontrado,1.99
"Notebook ASUS Vivobook Go 15 E510KA Intel Celeron Dual Core N4500 4GB Ram 128GB EMMC Windows 11 Home 15,60"" HD Black - BR808WS",Asus,4.4,108,1.999,1.719
Notebook Lenovo Ideapad Slim 3 15irh10 Intel Core i5-13420h 16gb 512gb Ssd Windows 11 15.3 - 83ns0001br Luna Grey,Lenovo,4.5,4,Preço não encontrado,3.419
Notbook Lenovo T480 Intel Core I5-83350u 16gb Ssd 256gb 14 - Excelente (Recondicionado),Micro Livre,Avaliação não encontrada,reviews não encontrados,Preço não encontrado,1.849
Notebook Asus Vivobook 15 M1502ya Amd Ryzen 7 5825u 16gb Ram 512gb Ssd Windows 11 Home Tela 15.6 Led Fhd Silver - Nj655w,Asus,4.8,12,4.599,3.404
Notebook Lenovo LOQ 15irx9 Intel Core i7-13650hx 16gb 512gb Ssd Rtx 4050 Linux 15.6 - 83khs00100 Luna Grey,Lenovo,4.9,14,7.599,6.629
Notebook Gamer Lenovo Loq-e Ci5 Rtx3050 512gb 16gb W11+ubook,Mobcom,4.8,19,6.657,4.699
"Notebook ASUS Vivobook 15 M1502YA AMD Ryzen 7 5825U 16GB Ram 512GB SSD Linux KeepOS 15,6"" FHD Cool Silver - NJ612",Asus,Avaliação não encontrada,reviews não encontrados,3.899,3.23
"Bloco Rhodia Edição 90 Anos & Paper People 7,2x10,3cm 80 Fls",Vendedor não encontrado,Avaliação não encontrada,reviews não encontrados,Preço não encontrado,24.0
Notebook Dell Inspiron I15-i120k-u25m 15.6  Full Hd 12ª Gera Preto,Dell,4.8,8,3.319,3.069
"Notebook Lenovo IdeaPad 3i Intel Core I3 - 1115G4, 8GB RAM, 256GB SSD, Windows 11 Home, Tela 15,6"" - 82MD0010BR",123 Comprou,4.8,668,4.141,2.879
"Notebook Vaio Fe16 Amd Ryzen 5-5625u Windows 11 Home 8gb RAM 256gb Ssd Wi-Fi 6 Tela 16"" Ips Wuxga Antirreflexo - Cinza Grafite - Vjfe69f11x-b0421h - Permite upgrade de memória RAM e SSD",Loi Brasil,5.0,1,4.666,3.299
"Notebook ASUS Vivobook 15 M1502YA AMD Ryzen 7 5825U 16GB Ram 512GB SSD Linux KeepOS 15,6"" FHD Cool Silver - NJ612",Asus,Avaliação não encontrada,reviews não encontrados,3.899,3.23
"Bloco Rhodia Edição 90 Anos & Paper People 7,2x10,3cm 80 Fls",Vendedor não encontrado,Avaliação não encontrada,reviews não encontrados,Preço não encontrado,24.0
Notebook Dell Latitude 3400 I5 8a Geração 16gb Ram 240gb Ssd,Vendedor não encontrado,5.0,1,2.499,2.374
"Notebook Dell, Lat 3490, Tela 14'', I5 7a Ger, 8gb, Ssd256gb - Bom (Recondicionado)",Vendedor não encontrado,Avaliação não encontrada,reviews não encontrados,2.348,1.479
Notebook Asus Vivobook 16 X1605va Intel Core I7 1355u 8gb Ram 512gb Ssd Linux Keepos Tela 16 Ips Fhd Silver - Mb742,Asus,4.9,57,4.199,3.25
"Bloco Rhodia Edição 90 Anos & Paper People 20,8x31,6cm 80fls",Vendedor não encontrado,Avaliação não encontrada,reviews não encontrados,Preço não encontrado,99.0
"Notebook Samsung Galaxy Book4 Intel® Core™ i5-1335U, Windows 11 Home, 8GB, 256GB SSD, Iris Xe, 15.6'' Full HD LED, 1.55kg",Vikings,4.9,1356,5.712,3.899
"Notebook Multi Ultra Celeron N4020c 4gb 128gb W11 15,6'' Cinza - Ub261",123 Comprou,4.5,387,2.055,1.367
Notebook VAIO FE16 AMD Ryzen 5-5625U Linux 8GB RAM 256GB SSD Wi-Fi 6 Tela 16'' IPS WUXGA Antirreflexo - Cinza Grafite - Vjfe69f11x-b0411h - Permite upgrade de memória RAM e SSD,123 Comprou,4.9,42,4.998,2.879
Notebook Asus Celeron N4020 15.6 128gb W11h X515ma-br933ws,Vendedor não encontrado,4.7,665,1.899,1.785
Notebook Lenovo Thinkpad T480 I5-8º 8gb 240gb Ssd Vitrine Cor Black - Excelente (Recondicionado),Micro Livre,Avaliação não encontrada,reviews não encontrados,2.499,1.674
Notebook Lenovo E14 Thinkpad Core Ultra 7 155u 32gb 1tb Ssd Preto (Recondicionado),Vendedor não encontrado,Avaliação não encontrada,reviews não encontrados,7.999,4.559
MacBook Air M2 2023 prateado 8GB de Ram - 256GB SSD - Apple Chip M2,Mobi Phone,Avaliação não encontrada,reviews não encontrados,Preço não encontrado,14.18
Notebook Lenovo V14 G4 Amd Ryzen 5 7520u 8gb 256gb Dos 14,Lenovo,4.0,5,2.599,2.269
"Apple Macbook Air (13 polegadas, 2020, Chip M1, 256 GB de SSD) - Cinza-espacial",Vendedor não encontrado,4.9,1041,5.999,5.118
Notebook Gamer Acer Nitro V15 15.6 Fhd 144hz I5-13420h Ssd 512gb 8gb Ddr5 Rtx 2050 4gb Linux Gutta Anv15-51-50kd,Carrefour,4.8,256,4.999,4.299
"Notebook Positivo Vision R15 Lumina Bar, AMD Ryzen 5 8GB 256GB, Tela 15 polegadas Full HD Antirreflexo, Linux - Preto",123 Comprou,4.7,43,3.712,2.539
Notebook Acer Vero AV15-53P-56HM Intel® Core™ i5 – 1335U 15.6” Full HD Intel® Iris® Xe 512 GB SSD 8 GB RAM Windows 11 Home,2Eletro,4.9,47,4.199,3.599
Rhodia Katakana 162100K 80 folhas quadriculadas 1 assuntos unidade x 1 14.8cm x 21cm cor laranja,Vendedor não encontrado,Avaliação não encontrada,reviews não encontrados,Preço não encontrado,55.0
Notebook Acer Ryzen 7 Octa-cor 12gb Nvme 512gb 15.6' Full Hd,Facini Informatica,5.0,1,4.248,3.738
"Notebook Latitude 5400 14"" preto 256GB SSD - Intel Core i5 - Excelente (Recondicionado)",Vendedor não encontrado,Avaliação não encontrada,reviews não encontrados,Preço não encontrado,1.799
Notebook Lenovo V14 G4 Intel Core I5 8gb 256gb W11 Pro 14,Lenovo,Avaliação não encontrada,reviews não encontrados,3.549,3.279
Notebook Lenovo Thinkbook 14 Intel Core i7 32gb 1tb W11pro,Lenovo,5.0,4,7.899,6.894
Chromebook Lenovo 100e Intel Celeron N4500 4gb 32gb,Lenovo,4.9,9,1.649,1.424
Notebook Samsung Galaxy Book4 I3- 1335u 512gb Np754xgj-kg3br,Login,5.0,3,5.999,4.599
Apple Macbook Air 13.6 256gb SSD/16GB RAM M3 Chip Amv Color Silver,Vendedor não encontrado,5.0,3,Preço não encontrado,9.842
Notebook Compaq Presario 452 14.1 Hd I5-6287u 1tb 8gb Linux,Vendedor não encontrado,4.0,5,Preço não encontrado,3.625
Notebook Gamer 15  I5 16gb Placa Vídeo Jogos Trabalho Estudo,Altas Vendas,5.0,2,Preço não encontrado,1.376
Notebook Asus Tuf Gaming F16 Fx608jhr Nvidia Rtx 5050 Intel Core I7 14650hx 16gb Ram 512gb Ssd Windows 11 Home Tela 16 165hz Nível Ips Cinza - Rv016w,NVIDIA,Avaliação não encontrada,reviews não encontrados,10.999,9.769
"Notebook Asus Vivobook 15 X1504va Intel Core I5 1334u 4gb Ram 256gb Ssd Linux Keepos Tela 15,6 Led Fhd Silver - Nj1726",Asus,4.6,19,2.699,2.321
"Notebook Asus Vivobook Go E1504ga Intel Core I3 N305 8gb Ram 512gb Ssd Linux Keepos Tela 15,6 Fhd Silver - Nj438",Asus,4.8,122,2.799,2.411
Notebook Gamer 15  I5 16gb Placa Vídeo Jogos Trabalho Estudo,Altas Vendas,5.0,1,Preço não encontrado,1.457
Acer Aspire 5 15.6 Fhd I7-12650h Ssd 256gb 8gb Linux Gutta Cor Gamut,Vendedor não encontrado,4.8,149,Preço não encontrado,4.199
Notebook Multi Ultra Celeron N4020c 4gb 128gb W11 14'' Cinza,Vendedor não encontrado,4.6,547,1.899,1.196
Notebook Dell Latitude 3440 Intel Core I5 12th 8gb 256 Gb Cor Cinza,Vendedor não encontrado,5.0,1,Preço não encontrado,4.589
"Notebook Acer Core I5 12th Gen 32gb Nvme 1tb, 15.6' Full Hd",Facini Informatica,4.9,15,5.333,4.319
"Notebook Asus Vivobook Go 15 E1504fa Amd Ryzen 5 7520u 4gb Ram 256gb Ssd Linux Keepos Tela 15,6 Fhd Black - Nj1287",Vendedor não encontrado,4.6,103,2.499,2.028
Notebook Hp Core I5 11th 16gb Ram 256gb Ssd Hdmi Wifi Win11 Prateado (Recondicionado),Vendedor não encontrado,Avaliação não encontrada,reviews não encontrados,Preço não encontrado,2.499
Notebook Ideapad 1 R3 8gb 256gb W11 15.6 82x5000abr AMD Ryzen 3,Vendedor não encontrado,4.8,1021,Preço não encontrado,2.599
Notebook Lenovo Thinkpad T14 I5 16gb 256gb Ssd W11 Pro 14 - Excelente (Recondicionado),Vendedor não encontrado,Avaliação não encontrada,reviews não encontrados,Preço não encontrado,2.841
"Notebook ASUS Vivobook 15 X1504VA Intel Core i5 1334U 8Gb Ram 512Gb SSD Windows 11 Home Intel Iris Xe Tela 15,6"" LED FHD Blue - NJ1743W",Asus,Avaliação não encontrada,reviews não encontrados,3.599,3.113
"Notebook Asus Vivobook 15 Core I5 8gb 256ssd W11 15,6 Prata Cor Prata metálico",Vendedor não encontrado,4.8,54,2.999,2.699
"Notebook ASUS Vivobook 15 X1504ZA Intel Core i5 1235U 8GB Ram 512GB SSD Windows 11 Tela 15,6"" FHD Blue - NJ987W",Vendedor não encontrado,4.9,605,Preço não encontrado,3.64
Notebook Core I5 Dell Latitude 16gb Ram 256gb Ssd M2,Canal Eletro,4.2,160,Preço não encontrado,2.699
Notebook Asus Tuf Gaming F16 Fx607vu Rtx4050 Intel Core 5 210h 8gb Ram 512gb Ssd Linux Keepos Tela Nível Ips 16 Led 144hz Gray - Rl054,Asus,Avaliação não encontrada,reviews não encontrados,8.499,6.489
"Notebook VAIO FE15 Intel Core i5 12th 16GB 512GB SSD Tela 15,6'' Full HD Antirreflexo Linux Cinza Grafite VJFE54F11X B2611H",Vaio,4.1,10,4.599,3.599
"Notebook VivoBook X543UA 15.6"" cinza-escuro 8GB de Ram - 256GB SSD - Intel Core i5",Vendedor não encontrado,4.7,193,2.799,2.351
Notebook Lenovo LOQ-e 15iax9e Intel Core i7-12650hx 16gb 512gb Ssd RTX 4050 Windows 11 Pro 15.6 - 83me000bbr Luna Grey,Lenovo,Avaliação não encontrada,reviews não encontrados,7.999,7.019
Notebook Lenovo V14 G4 Iru Intel Core I5 8gb 256gb W11 14,Lenovo,Avaliação não encontrada,reviews não encontrados,Preço não encontrado,3.099
Notebook Lenovo V14 G4 Intel Core i5 16GB RAM 512GB SSD Windows 11 Pro,Lenovo,Avaliação não encontrada,reviews não encontrados,4.599,3.979
"Notebook ASUS Vivobook 15 Core I5 1235U 3.3 GHz 8GB Ram 256GB SSD W11 Home Tela 15,6” NanoEdge Full HD Cool Silver X1504ZA-NJ985W",Login,4.8,311,Preço não encontrado,3.399
"Notebook Ideapad 1i Intel Core i7 1255U 16GB RAM 512GB SSD Windows 11 Home Tela 14"" HD 83AF000FBR",Vendedor não encontrado,4.8,5440,Preço não encontrado,4.499
Notebook Lenovo Loq 15irx9 Intel Core i7-13650hx 16gb 512gb Ssd Rtx 4050 Windows 11 15.6 - 83kh0003br Luna Grey,Lenovo,4.9,14,8.199,7.149
"Bloco Rhodia Edição 90 Anos & Paper People 8,3x11,8cm 80 Fls",Vendedor não encontrado,Avaliação não encontrada,reviews não encontrados,Preço não encontrado,29.0
Notebook Dell Inspiron I15-i120k-u25m 15.6  Full Hd 12ª Gera Preto,Dell,4.8,8,3.319,3.069
"Notebook Vaio Fe16 Amd Ryzen 5-5625u Windows 11 Home 8gb RAM 256gb Ssd Wi-Fi 6 Tela 16"" Ips Wuxga Antirreflexo - Cinza Grafite - Vjfe69f11x-b0421h - Permite upgrade de memória RAM e SSD",Loi Brasil,5.0,1,4.666,3.299
"Notebook Samsung Galaxy Book4 Intel® Core™ i5-1335U, Windows 11 Home, 8GB, 256GB SSD, Iris Xe, 15.6'' Full HD LED, 1.55kg",Vikings,4.9,1356,5.712,3.899
Notebook Lenovo Loq 15irx9 Intel Core i7-13650hx 16gb 512gb Ssd Rtx 4050 Windows 11 15.6 - 83kh0003br Luna Grey,Lenovo,4.9,14,8.199,7.149
"Bloco Rhodia Edição 90 Anos & Paper People 8,3x11,8cm 80 Fls",Vendedor não encontrado,Avaliação não encontrada,reviews não encontrados,Preço não encontrado,29.0
"Notebook Positivo Vision I15 Lumina Bar, Core I3, 11th, 8gb 512gb Ssd, Tela 15 Polegadas, Full Hd Antirreflexo, Windows 11 - Cinza",Vendedor não encontrado,4.6,33,Preço não encontrado,2.499
"Bloco Rhodia Edição 90 Anos & Paper People 10,3x14,6cm 80fls",Vendedor não encontrado,Avaliação não encontrada,reviews não encontrados,Preço não encontrado,34.0
Notebook Lenovo LOQ-e 15iax9e Intel Core i7-12650HX 16gb 512gb SSD RTX 4050 Windows 11 15.6 - 83me0002br Luna Grey,Lenovo,4.7,7,7.199,6.284
Notebook Lenovo ThinkBook 14 G6 Intel Core i7-13700H 16GB 512GB SSD Windows 11 - 21NQ000HBR Arctic Grey,Lenovo,5.0,7,Preço não encontrado,5.934
Notebook Gamer Acer Nitro V15 15.6 Fhd 144hz I5-13420h Ssd 512gb 8gb Ddr5 Rtx 2050 4gb Linux Gutta Anv15-51-50kd,Carrefour,4.8,256,4.999,4.299
Notebook Gamer Lenovo Loq-e Ci5 Rtx3050 512gb 16gb W11+ubook,Mobcom,4.8,19,6.657,4.699
Notebook Positivo Vision C15 Lumina Bar Celeron 8gb 128gb Emmc 15 Hd Linux - Cinza,123 Comprou,Avaliação não encontrada,reviews não encontrados,3.123,1.664
Netbook 2 Em 1 Tablet Intel Atom Memoria 2gb Windows E Hdmi Cor Branco - Excelente (Recondicionado),Vendedor não encontrado,Avaliação não encontrada,reviews não encontrados,Preço não encontrado,559.0
Notebook Lenovo Ideapad 1 Amd Ryzen 5 8gb 512gb Windows 11,Lenovo,Avaliação não encontrada,reviews não encontrados,2.999,2.819
Notebook Asus Vivobook 16 X1605va Intel Core I7 1355u 16gb Ram 512gb Ssd Windows 11 Home Tela 16 Ips Fhd Silver - Mb763w,Asus,4.9,25,5.699,4.33
Notebook Hp 256 G8 Intel I5-10a 8gb 256gb Latitude Vostro Cinza (Recondicionado),Vendedor não encontrado,5.0,1,Preço não encontrado,1.929
"Notebook Vaio Fe16 Amd Ryzen 7-5825u Windows 11 Home 32gb RAM 512gb Ssd Wi-Fi 6 Tela 16"" Ips Wuxga Antirreflexo - Cinza Grafite - Vjfe69f11x-b0211h - Permite upgrade de memória RAM e SSD",Vaio,5.0,7,5.999,5.229
Notebook Lenovo Ideapad Slim 3 15irh10 Intel Core i7-13620h 24gb 512gb Ssd Windows 11 15.3 - 83ns0008br Luna Grey,Lenovo,Avaliação não encontrada,reviews não encontrados,Preço não encontrado,4.769
Notebook Vaio Fe15 Amd Ryzen 5 8gb Ram 256gb Windows 11 Home Cor Cinza,Vendedor não encontrado,4.8,81,3.563,3.076
Notebook Samsung Galaxy Book4 Windows 11 Home Intel Core I3 8gb 256gb Ssd 15.6'' Full Hd Led 1.55 Kg Grafite,Vendedor não encontrado,4.9,4423,6.699,3.299
"Notebook Vaio Fe16 Amd Ryzen 7-5825u Linux 32gb RAM 512gb Ssd Wi-Fi 6 Tela 16"" Ips Wuxga Antirreflexo - Cinza Grafite - Vjfe69f11xb0221h - - Permite upgrade de memória RAM e SSD",Vaio,4.8,37,4.999,3.799
"Dell Latitude 3490 16 GB RAM 256 GB SSD Processador Intel Core i7 Windows 11 Cor Preto 14"" - Excelente (Recondicionado)",Vendedor não encontrado,Avaliação não encontrada,reviews não encontrados,Preço não encontrado,2.199
Macbook Pro A2251 2020 13  16gb Ram 512gb Ssd Space Gray,Vendedor não encontrado,Avaliação não encontrada,reviews não encontrados,Preço não encontrado,3.399
Notebook Acer Aspire 5 Intel Core I3 Linux 4gb 256gb Sdd 14,2Eletro,4.6,425,2.999,2.399
"Notebook Dell Inspiron 3530 cinza de 15,6"", Intel Core i7 1355U 16 GB de RAM, SSD de 512 GB, NVIDIA GeForce MX550 120 Hz 1920x1080px Windows 11 Home - Bom (Recondicionado)",Vendedor não encontrado,Avaliação não encontrada,reviews não encontrados,5.5,4.565
Notebook HP 15-fd0023dx 15.6 Fhd Touch de 256 GB/8 GB I3 W11 - prata,Vendedor não encontrado,4.7,3,Preço não encontrado,3.399
Notebook Gamer Lenovo Loq-e Ci5-12450 Rtx3050 512gb 16gb W11 Luna Grey,Mobcom,4.9,76,5.571,4.899
"Notebook Positivo Vision R15 Lumina Bar, Amd Ryzen 7 16gb 512gb, Tela 15 Polegadas Full Hd Antirreflexo, Linux - Preto",Positivo,4.7,49,3.899,2.865
"Notebook Dell, Lat 3490, Tela 14'', I5 7a Ger, 8gb, Ssd256gb - Excelente (Recondicionado)",Vendedor não encontrado,Avaliação não encontrada,reviews não encontrados,2.249,1.484
Notebook Asus Vivobook Go 15 Intel Celeron 4gb 128gb Wind11,Vendedor não encontrado,4.3,9,Preço não encontrado,1.799
Notebook Acer Aspire 5 Amd Ryzen 7 15.6 Amd Radeon 512gb 8gb,Mobcom,4.8,13,3.675,2.999
Notebook Lenovo Ideapad 1 Amd Ryzen 3 8gb 256gb Windows 11,Lenovo,Avaliação não encontrada,reviews não encontrados,2.599,2.449
Notebook Hp Probook 640 G8 Core I5-1145g7 16gb Ssd 512gb,Vendedor não encontrado,Avaliação não encontrada,reviews não encontrados,Preço não encontrado,2.327
Notebook Dell Latitude 3410 Core I5 10ger 8gb 240ssd Win 11 Cor Cinza - Excelente (Recondicionado),Micro Livre,Avaliação não encontrada,reviews não encontrados,Preço não encontrado,2.183
Notebook Acer Gamer Nitro V15 Intel Core I7 13ª Ger. 16gb 512ssd Rtx3050 Com 6gb Gddr6 Nvidia Geforce Linux Gutta ANV15-51-73E9,Vendedor não encontrado,4.8,168,Preço não encontrado,6.359
"Notebook Vaio Fe16 Amd Ryzen 7 5825u Linux 8gb RAM 512gb Ssd Wi-Fi 6 Tela 16"" Ips Wuxga Antirreflexo - Cinza Grafite Vjfe69f11xb0321h - Permite upgrade de memória RAM e SSD",Vaio,4.7,7,4.299,3.249
"Notebook Inspiron 3530 15.6"" preto 16GB de Ram - 512GB SSD - Intel Core i5",Mercado Vendeu,4.6,11,Preço não encontrado,4.05
"Notebook Asus Vivobook Go 15 E1504ga Intel Core I3 N305 4gb Ram 128gb Ssd Windows 11 Tela 15,6 Fhd Silver - Nj440w",Asus,4.8,335,2.599,2.239
Notebook Lenovo Ideapad 1 R5-7520u 8gb 512gb Ssd Linux 15.6,Lenovo,4.8,26,2.699,2.559
Notebook Dell Latitude 3410 Core I7 10th 16gb 256gb Ssd Nvme Cor Cinza - Excelente (Recondicionado),Micro Livre,Avaliação não encontrada,reviews não encontrados,3.499,2.799
Notebook Lenovo Thinkpad P53 I7 9a Ger 32gb 256gb Nvme + 1tb Preto (Recondicionado),Vendedor não encontrado,Avaliação não encontrada,reviews não encontrados,4.234,3.599
"Notebook Asus Vivobook 15 X1504va Intel Core I5 1334u 8gb Ram 256gb Ssd Windows 11 Home Intel Iris Xe Tela 15,6 Led Fhd Silver - Nj1738w",Asus,Avaliação não encontrada,reviews não encontrados,3.399,2.942
"Notebook Vaio F14, 13ª Gen Intel Core I7, 16gb 512gb Ssd, 14 Full Hd Antirreflexo, Windows 11 Home, Warm White, Desbloqueio Facial E Por Digital, Teclado Retroiluminado B1011w",Vaio,5.0,2,7.999,6.559
Notebook Dell Latitude 3420 Core I7 1165g7  11a 512gb 16gb Cinza (Recondicionado),Vendedor não encontrado,Avaliação não encontrada,reviews não encontrados,Preço não encontrado,3.897
Notebook Dell Latitude Intel I3-10110 Ram 8gb Ssd 480gb,Vendedor não encontrado,Avaliação não encontrada,reviews não encontrados,Preço não encontrado,2.559
Notebook Vaio C14 I3-6006u Memória 8gb Hd De 1tb Tela 14'',Vendedor não encontrado,Avaliação não encontrada,reviews não encontrados,Preço não encontrado,2.109
Notebook Lenovo Lenovo V14 Amd Ryzen 5 8gb 256gb W11,Lenovo,5.0,2,2.899,2.529
Notebook Hp 840 G7 I5 10a Geração - 8gb Ram - Ssd 240gb W11,Vendedor não encontrado,Avaliação não encontrada,reviews não encontrados,2.999,1.949
"Notebook ASUS TUF Gaming A15 FA506NFR RTX 2050 AMD Ryzen 7 7435HS 16Gb Ram 512Gb SSD Windows 11 Home Tela 144Hz nivel IPS 15,6"" FHD Graphite Black - HN060W",Vendedor não encontrado,4.7,20,6.199,5.569
MacBook Air M2 2022 midnight 16GB de Ram - 256GB SSD - Apple M,Vendedor não encontrado,5.0,34,Preço não encontrado,6.861
Notebook Lenovo Thinkpad T14 Intel Core I5 10ager 16gb 256gb,Vendedor não encontrado,5.0,5,Preço não encontrado,1.969
Notebook Hp 256r G9 Ci3 15.6  Uhd Graphics 256gb Ssd 8gb W11 Cinza-escuro,HP,4.8,12,3.399,2.599
Apple Macbook Pro 14 Chip M4 16gb 512ssd 2024,Vendedor não encontrado,5.0,7,Preço não encontrado,14.449
Notebook Lenovo V14 G4 Iru Intel Core I3 8gb 256gb W11 Pro,Lenovo,Avaliação não encontrada,reviews não encontrados,3.499,3.059
"Notebook Asus Vivobook Go 15 E510ka Intel Celeron Dual Core N4500 4gb Ram 128gb Emmc Windows 11 Home 15,60 Hd Rosa - Br833ws",Asus,4.7,611,2.099,1.7
Notebook Lenovo V14 G4 Iru Intel Core I7 16gb 512gb W11 14,Lenovo,5.0,2,4.899,4.519
"Notebook Lenovo Ideapad 1 Intel Core i3 1215U 4gb Ram 128gb Ssd Linux Tela 15,6"" Intel Uhd Graphics 82VYS01100",Vendedor não encontrado,4.8,637,3.051,2.528
"Notebook Vaio Fe16 Amd Ryzen 5-5625u Windows 11 Home 8gb RAM 256gb Ssd Wi-Fi 6 Tela 16"" Ips Wuxga Antirreflexo - Cinza Grafite - Vjfe69f11x-b0421h - Permite upgrade de memória RAM e SSD",Loi Brasil,5.0,1,4.666,3.299
Notebook Gamer Acer Nitro V15 15.6 Fhd 144hz I5-13420h Ssd 512gb 8gb Ddr5 Rtx 2050 4gb Linux Gutta Anv15-51-50kd,Carrefour,4.8,256,4.999,4.299
Notebook Gamer Lenovo Loq-e Ci5 Rtx3050 512gb 16gb W11+ubook,Mobcom,4.8,19,6.657,4.699
Notebook Lenovo E14 Intel Core Ultra 7 155u 32gb 1tb Ssd M2 Preto (Recondicionado),Vendedor não encontrado,5.0,1,7.999,4.319
"Dell Xps 13 9370, Core I7, 16gb Ram, 512gb Ssd, Touch 4k",Vendedor não encontrado,Avaliação não encontrada,reviews não encontrados,3.199,2.815
Apple Macbook Pro 14 Chip M4 16gb 512gb A3112 2024 Preto-espacial,Vendedor não encontrado,Avaliação não encontrada,reviews não encontrados,Preço não encontrado,14.999
Notebook Intel Core I7 Dell Ram 16gb Ssd M2 512gb Windows 11 Preto,Canal Eletro,5.0,6,Preço não encontrado,2.999
Notebook Lenovo V15 G4 Intel Core I5 16gb 512gb W11pro 15.6,Lenovo,5.0,1,Preço não encontrado,4.454
Notebook Lenovo T480 Core I5-8ªth 16gb Ssd 240gb Tela Hd Cor Black - Bom (Recondicionado),Micro Livre,Avaliação não encontrada,reviews não encontrados,Preço não encontrado,1.708
Notebook Samsung Galaxy Book4 Windows 11 Home Intel Core I3 8gb 256gb Ssd 15.6'' Full Hd Led 1.55 Kg Grafite,Vendedor não encontrado,4.9,4423,6.699,3.299
"Notebook Vaio Fe16 Amd Ryzen 7-5825u Linux 32gb RAM 512gb Ssd Wi-Fi 6 Tela 16"" Ips Wuxga Antirreflexo - Cinza Grafite - Vjfe69f11xb0221h - - Permite upgrade de memória RAM e SSD",Vaio,4.8,37,4.999,3.799
Lenovo Loq-e Ci5 Rtx3050 16gb+controle Xbox Pc+giftcard R$50,Mobcom,4.8,40,6.656,4.999
Notebook Lenovo ThinkBook 14 G6 Intel Core i5-13420H 16GB 512GB SSD Windows 11 - 21NQ000PBR Arctic Grey,Lenovo,5.0,7,5.399,4.709
Notebook Asus Zenbook S14 Core Ultra7 258v 32gb 1tb Ssd W11,Fast Shop,5.0,2,13.999,10.317
"Notebook Latitude 5490 14"" preto 8GB de Ram - 256GB SSD - Intel Core i5",Vendedor não encontrado,4.2,82,Preço não encontrado,2.299
Notebook Acer Aspire 5 A515-45-R36L Ryzen 7 15.6 Radeon 512gb 12gb Linux,Vendedor não encontrado,4.9,988,Preço não encontrado,3.298
Notebook Dell Latitude 3410 Core I3 10ger 8gb 240gb Ssd,Vendedor não encontrado,4.0,1,Preço não encontrado,2.499
Notebook Precision 7540 Xeon 16gb Ddr4 Ssd 512gb Nvidia 4gb,Vendedor não encontrado,Avaliação não encontrada,reviews não encontrados,3.799,2.849
Lenovo Loq-e Ci5 Rtx3050 16gb+controle Xbox + Gift Card R$50,Mobcom,5.0,13,6.656,4.999
Lenovo Loq-e Ci5 Rtx3050 16gb+controle Xbox + Gift Card R$50,Mobcom,4.9,10,6.999,5.299
Notebook Positivo Vision C14 Lumina Bar Celeron 8gb 256gb Emmc Tela 14 Polegadas Hd Antirreflexo Linux Tecla Link - Cinza,Positivo,4.5,460,2.099,1.399
"Apple Macbook Air (13 polegadas, 2020, Chip M1, 256 GB de SSD) - Prata",Vendedor não encontrado,4.9,1041,Preço não encontrado,5.899
"Notebook ASUS X515KA Intel Celeron Dual Core N4500 4GB Ram 128GB SSD Windows 11 Home 15,6 HD Grey EJ303WS",Siberiano,4.7,410,2.499,2.254
Notebook Dell Latitude 5420 I7 11o Geração 16gb Ssd 256gb,Vendedor não encontrado,5.0,1,Preço não encontrado,2.79
Notebook Lenovo Ideapad Slim 3 15irh10 Intel Core i7-13620h 16gb 512gb Ssd Linux 15.3 - 83nss00100 Luna Grey,Lenovo,Avaliação não encontrada,reviews não encontrados,4.599,4.019
Notebook Lenovo Ideapad 1 Amd Ryzen 5 8gb 512gb Windows 11,Lenovo,Avaliação não encontrada,reviews não encontrados,Preço não encontrado,2.629
Notebook Motion Gray 14'' Q4128c 128g 4gb Ram W10 Positivo Cor Cinza,Vendedor não encontrado,4.1,2657,Preço não encontrado,1.649
Notebook Lenovo Ideapad Slim 3 Intel Core I5 8gb 512gb Linux,Lenovo,Avaliação não encontrada,reviews não encontrados,3.199,2.949
Macbook Air de 13 polegadas chip SSD M4 de 256 GB azul celeste azul,Vendedor não encontrado,4.9,8,Preço não encontrado,7.799
Notebook Lenovo Thinkpad T480 I5-8º 8gb 240gb Ssd Vitrine Cor Black - Bom (Recondicionado),Vendedor não encontrado,Avaliação não encontrada,reviews não encontrados,2.499,1.549
Notebook Asus Vivobook 16 X1607qa Snapdragon X1 26 100 16gb Ram 1tb Ssd Windows 11 Home Tela 16 Fhd Silver - Mb092w,Asus,Avaliação não encontrada,reviews não encontrados,5.799,5.149
Notebook Samsung Galaxy Book4 Windows 11 Home Intel Core I3 8gb 256gb Ssd 15.6'' Full Hd Led 1.55 Kg Grafite,Samsung,4.9,4423,6.699,3.299
"Notebook Asus Vivobook 15 X1504za Intel Core I5 1235u 16gb Ram 512gb Ssd Linux Keepos Tela 15,60 Fhd Quiet Blue - Nj931",Vendedor não encontrado,4.8,251,Preço não encontrado,3.31
"Notebook Ultra, Linux, 15,6 Pol. HD, Intel Celeron, 240GB SSD/ 8GB RAM, Cinza Escovado - UB262",Vendedor não encontrado,4.5,211,Preço não encontrado,1.418
Apple Macbook Air M4 13 16gb 256gb Ssd Garantia Apple Nf-e,Vendedor não encontrado,5.0,1,Preço não encontrado,8.356
Notebook Lenovo Thinkbook 14 Intel Core I7 32gb 1tb W11pro,Lenovo,Avaliação não encontrada,reviews não encontrados,7.899,7.329
Notebook Lenovo V14 G4 Iru Intel Core I3 8gb 256gb W11 Pro,Lenovo,Avaliação não encontrada,reviews não encontrados,3.499,3.229
Notebook Hp 256r G9 Intel I5 15.6 256+16gb Intel Iris X W11,HP,Avaliação não encontrada,reviews não encontrados,9.509,3.324
Notebook Lenovo Thinkpad T14 Gen 1 Core I7 16gb Ram 256 Ssd Preto (Recondicionado),Vendedor não encontrado,Avaliação não encontrada,reviews não encontrados,Preço não encontrado,2.39
"Notebook ASUS TUF Gaming F15 FX507VV RTX4060 Intel Core i7 13620H 8Gb Ram 512Gb SSD Linux KeepOS Tela Nível IPS 15,6"" LED 165Hz Mecha Gray - HQ334",Vendedor não encontrado,5.0,10,Preço não encontrado,7.599
Notebook Predator Helios com Inteligência Artificial Intel Core i7-14700HX de 14ª Geração 32GB 1TBSSD RTX 4070 Windows 11 Home 16” WQXGA PH16-72-72JA Preto,Vendedor não encontrado,5.0,2,Preço não encontrado,14.49
"MacBook Pro A2141 16"" cinza-espacial 512GB SSD - Intel Core i7 - Excelente (Recondicionado)",Vendedor não encontrado,Avaliação não encontrada,reviews não encontrados,Preço não encontrado,4.96
Chromebook Acer Co731c6nn Intel Celeron 4gb Emmc32gb Chros,Vendedor não encontrado,4.7,12,1.55,1.379
Notebook Dell Latitude 3440 Core I3 16gb Ssd 240gb C/ Nf,Vendedor não encontrado,Avaliação não encontrada,reviews não encontrados,1.587,1.428
Notebook Dell I5 4th 16gb+ Ssd+ Vga Dedicada 740 + Garantia,Vendedor não encontrado,4.0,6,Preço não encontrado,1.495
"Notebook Lenovo IdeaPad Slim 3 15IRH10 Intel Core i5-13420H 8GB 512GB SSD Windows 11 15.3"" - 83NS0002BR Luna Grey",Lenovo,Avaliação não encontrada,reviews não encontrados,Preço não encontrado,3.239
Notebook Lenovo V14 G4 Iru Intel Core I5 16gb 512gb W11 14,Lenovo,5.0,1,Preço não encontrado,3.629
Notebook Dell Latitude 7310 Core I5 16gb Ram 256gb Ssd + Cor Prateado - Excelente (Recondicionado),Vendedor não encontrado,Avaliação não encontrada,reviews não encontrados,2.299,2.115
Notebook Lenovo V15 G4 Intel Core I7 16gb 512gb W11pro 15.6,Lenovo,5.0,1,Preço não encontrado,5.309
Notebook Asus Intel I5-1334u 8g 512g Ssd Fhd Windows 11 Pro,Vendedor não encontrado,5.0,2,Preço não encontrado,3.599
"Notebook Dell Latitude E5470 I5, 6ª geração, 2,3 GHz, 8 GB, 256 ssd, 14, preto - Excelente (Recondicionado)",Vendedor não encontrado,Avaliação não encontrada,reviews não encontrados,2.199,1.385
Tebk Lenv Thinkpad E14 Intel Ultra 5 16gb 512gb W11pr,Lenovo,4.3,13,Preço não encontrado,6.704
Notebook Lenovo Yoga 7x Snapdragon X Elite 32gb 1tb W11,Lenovo,4.0,1,11.999,10.579
Notebook Lenovo V15 G4 Iru Intel Core I5 8gb 256gb W11 15.6,Lenovo,5.0,1,3.849,3.359
Notebook Lenovo Thinkpad E14 Intel Ultra 7 32gb 1tb W11pro,Lenovo,4.3,13,Preço não encontrado,8.279
"Notebook Asus X515ka Intel Celeron Dual Core N4500 4gb Ram 128gb Ssd Windows 11 Home Tela 15,6 Led Cinza - Br329ws",Asus,5.0,1,1.999,1.719
"Notebook Vaio Fe16 Amd Ryzen 5-5625u Linux 16gb RAM 512gb Ssd Wi-Fi 6 Tela 16"" Ips Wuxga Antirreflexo - Cinza Grafite - Vjfe69f11xb0711h - Permite upgrade de memória RAM e SSD",Vaio,5.0,2,4.359,3.649
Notebook Gamer Acer Nitro V15 15.6 Fhd 144hz I5-13420h Ssd 512gb 8gb Ddr5 Rtx 2050 4gb Linux Gutta Anv15-51-50kd,Carrefour,4.8,256,4.999,4.299
Notebook Samsung Galaxy Book4 Windows 11 Home Intel Core I3 8gb 256gb Ssd 15.6'' Full Hd Led 1.55 Kg Grafite,Vendedor não encontrado,4.9,4423,6.699,3.299
Lenovo Loq-e Ci5 Rtx3050 16gb+controle Xbox Pc+giftcard R$50,Mobcom,4.8,40,6.656,4.999
Notebook Positivo Intel Dual-core Memória 4gb Ssd 64gb 14'',Vendedor não encontrado,Avaliação não encontrada,reviews não encontrados,Preço não encontrado,989.0
"Notebook Vaio Fe16 Amd Ryzen 5-5625u Linux 16gb RAM 512gb Ssd Wi-Fi 6 Tela 16"" Ips Wuxga Antirreflexo - Cinza Grafite - Vjfe69f11xb0711h - Permite upgrade de memória RAM e SSD",Vaio,5.0,2,4.359,3.649
Notebook Lenovo V15 Intel Core I3-1315u 8gb 256gb Ssd Linux,Lenovo,Avaliação não encontrada,reviews não encontrados,Preço não encontrado,2.444
Notebook Lenovo ThinkBook 14 G6 Intel Core i5-13420H 8GB 256GB SSD Windows 11 - 21NQ000QBR Arctic Grey,Lenovo,5.0,7,4.799,4.179
Notebook Dell Inspiron 5440 Core 7 150u 16gb 512ssd Mx570a Cor Prateado,Vendedor não encontrado,5.0,3,Preço não encontrado,5.732
Notebook Hp Elitebook Core I7 10a Geração 32gb Ram 512gb Ssd Prateado (Recondicionado),Vendedor não encontrado,5.0,3,Preço não encontrado,4.99
Lenovo Loq-e Ci5 Rtx3050 16gb+controle Xbox + Gift Card R$50,Mobcom,5.0,13,6.656,4.999
Lenovo Loq-e Ci5 Rtx3050 16gb+controle Xbox + Gift Card R$50,Mobcom,4.9,10,6.999,5.299
"Notebook Positivo Vision R15 Lumina Bar, Amd Ryzen 7 16gb 512gb, Tela 15 Polegadas Full Hd Antirreflexo, Linux - Preto",Positivo,4.7,49,3.899,2.865
Notebook Semp Toshiba Intel Barato!!!,Vendedor não encontrado,Avaliação não encontrada,reviews não encontrados,Preço não encontrado,624.0
"Dell Latitude 3490 16 GB RAM 256 GB SSD Processador Intel Core i7 Windows 11 Cor Preto 14"" - Aceitável (Recondicionado)",Vendedor não encontrado,Avaliação não encontrada,reviews não encontrados,Preço não encontrado,1.949
Notebook Positivo Master- Memória 4gb- Ssd 240gb -windows 10,Vendedor não encontrado,Avaliação não encontrada,reviews não encontrados,1.099,681.0
Microsoft Surface 4 13.5 Touchscreen I5,Vendedor não encontrado,Avaliação não encontrada,reviews não encontrados,Preço não encontrado,9.59
Notebook Lenovo V15 Intel Core I5 8gb 256gb W11 Pro 15.6,Lenovo,Avaliação não encontrada,reviews não encontrados,Preço não encontrado,3.914
Lenovo E14 G2core I5-113g7  8gb De Ram Nvme De 256gb W10 Pro,Micro Livre,Avaliação não encontrada,reviews não encontrados,2.899,2.754
Notebook Lenovo Thinkpad E14 Intel Ultra 5 16gb 256gb W11,Lenovo,Avaliação não encontrada,reviews não encontrados,6.199,5.409
Notebook Lenovo Lenovo V14 G4 Amd Ryzen 5 8gb 256gb Linux,Lenovo,5.0,1,2.699,2.359
Notebook Lenovo Thinkbook 14 Intel Core I5 16gb 512gb W11,Lenovo,5.0,2,5.399,5.009
Notebook Lenovo V15 G3 Iap/i5-1235u/8gb/ssd256gb/w11pro,Vendedor não encontrado,5.0,1,Preço não encontrado,4.199
Notebook Lenovo V14 G4 Iru Intel Core I7 16gb 512gb W11 14,Lenovo,Avaliação não encontrada,reviews não encontrados,Preço não encontrado,4.279
Notebook Lenovo V15 G4 Intel Core I5 8gb 256gb W11pro 15.6,Lenovo,Avaliação não encontrada,reviews não encontrados,Preço não encontrado,4.004
Notebook Hp Probook Core I5 6ª Geração 8gb Ssd 240gb - Bom (Recondicionado),Vendedor não encontrado,Avaliação não encontrada,reviews não encontrados,Preço não encontrado,1.249
Notebook Lenovo V15 G4 Intel Core I7 16gb 512gb W11 15.6,Lenovo,Avaliação não encontrada,reviews não encontrados,Preço não encontrado,4.799
Notebook Lenovo V14 G4 Iru Intel Core I7 16gb 512gb W11 Pro,Lenovo,Avaliação não encontrada,reviews não encontrados,Preço não encontrado,4.629
"Notebook ASUS Vivobook Go 15 E1504GA Intel Core i3 N305 8GB Ram 256GB SSD Windows 11 Home Tela 15,6"" FHD Silver - NJ434W",Vendedor não encontrado,4.9,50,2.999,2.262
Notebook Gamer Rog Strix G16 G614ji Nvidia Rtx4070 Intel Core I9 13980hx 32gb Ram 1tb Ssd Windows 11 Tela 16 240hz Fhd Gray - N4440w,Vendedor não encontrado,4.8,11,Preço não encontrado,17.99
"Notebook Samsung Galaxy Book4, Windows 11 Home, Intel® Core I7, 16gb, 512gb Ssd, 15.6'' Full Hd Led, 1.55 Kg - Grafite",Samsung,4.9,419,5.999,5.699
"Notebook Samsung Galaxy Book4, Windows 11 Home, Intel® Core 7, 16gb, 512gb Ssd, Nvidia® Geforce® Mx570, 15.6' Full Hd Led, Fingerprint - Grafite",Samsung,4.9,129,6.699,5.983
Notebook Lenovo V14 Amd R5 7520u 8gb 256gb Ssd W11 Pro Preto,Lenovo,Avaliação não encontrada,reviews não encontrados,Preço não encontrado,2.969
Notebook Lenovo Ideapad 1 Intel Core I3 8gb 512gb W11 15.6,Lenovo,Avaliação não encontrada,reviews não encontrados,Preço não encontrado,2.789
"Samsung Chromebook 4 Intel Dual-Core 4GB 32GB Tela 11.6"" Prata XE310XBA-KT3BR Google Chrome OS HD LED",Vendedor não encontrado,4.6,1265,Preço não encontrado,1.699
Lenovo Loq-e Ci5 Rtx3050 16gb+controle Xbox + Gift Card R$50,Mobcom,5.0,13,6.656,4.999
"Apple Macbook Air (13 polegadas, 2020, Chip M1, 256 GB de SSD) - Ouro",Vendedor não encontrado,4.9,1041,Preço não encontrado,5.999
Chromebook Acer Co731-c6nn Celeron 4gb 32 Emmc,Vendedor não encontrado,Avaliação não encontrada,reviews não encontrados,1.789,1.49
"Notebook Positivo Vision R15 Lumina Bar, Amd Ryzen 7 32gb 512gb, Tela 15 Polegadas Full Hd Antirreflexo, Linux - Preto",Positivo,4.7,46,4.099,3.499
Apple Macbook Air 13 Chip M4 16gb 256gb Ssd Garantia Apple,Vendedor não encontrado,Avaliação não encontrada,reviews não encontrados,Preço não encontrado,7.956
"Notebook Dell Inspiron Intel Core I5 1235U 12ª Geração 16GB RAM, 512 SSD, Linux, Tela 15.6 Full Hd I15-I120K-U30P",Vendedor não encontrado,4.8,175,Preço não encontrado,4.544
"Notebook ASUS Vivobook Go 15 E1504FA AMD Ryzen 3 7320U 4Gb Ram 128Gb SSD Windows 11 Home Tela 15,6 FHD Mixed Black - NJ1364W",Vendedor não encontrado,4.7,104,2.9,2.262
Notebook Lenovo Ideapad 1 Amd Ryzen 3 4gb 256gb Windows 11,Lenovo,Avaliação não encontrada,reviews não encontrados,Preço não encontrado,2.109
Notebook Dell Core I5 16gb Ddr3 Hd 500 Com Garantia E N.f,Vendedor não encontrado,4.1,15,Preço não encontrado,1.19
Notebook Lenovo V15 G4 Iah Intel Core I5 8gb 512gb Linux,Lenovo,5.0,2,Preço não encontrado,3.184
"Notebook Lenovo LOQ-e 15iax9e Intel Core i7-12650hx 16gb 1tb SSD RTX 4050 Windows 11 15.6"" - 83me0000br Luna Grey",Lenovo,Avaliação não encontrada,reviews não encontrados,Preço não encontrado,7.019
Notebook Dell Touchscreen Intel Core I5 16gb Ram Ssd 256gb Cinza (Recondicionado),Canal Eletro,5.0,1,Preço não encontrado,1.999
"MacBook Air M1 2020 13"" cinza-espacial 8GB de Ram - 256GB SSD - Apple Chip",Vendedor não encontrado,4.9,236,Preço não encontrado,5.399
Notebook Dell Core I5 10a Geração 16gb Ram 256gb Ssd Windows Prateado (Recondicionado),Vendedor não encontrado,Avaliação não encontrada,reviews não encontrados,Preço não encontrado,1.99
Notebook Ultrafino Ideapad 1 R5 16gb 256gb Linux 82x5s00200,Vendedor não encontrado,4.9,38,Preço não encontrado,2.899
"MacBook Pro MacBook Pro 14"" M3 Pro 14"" space black 18GB de Ram - 512GB SSD - Apple M3",Vendedor não encontrado,4.9,52,Preço não encontrado,13.399
"Notebook Samsung Galaxy Book4 Pro, Windows 11 Home, Intel® Core™ Ultra 5 125H, 16GB, 512GB SSD, 14'' Full HD AMOLED, Touchscreen, 1.23 kg",Samsung,4.8,50,7.249,6.886
Notebook Dell Latitude 3420 Core I7 11th 64gb Ram 1tb Ssd Cor Grafite,Vendedor não encontrado,4.6,28,Preço não encontrado,6.541
Notebook Dell Latitude 5490 Core I5 8th 8gb Ram 256gb Ssd Cor Preto - Excelente (Recondicionado),Vendedor não encontrado,Avaliação não encontrada,reviews não encontrados,Preço não encontrado,2.99
Notebook Asus Vivobook Go Core I3 N305 8gb 256ssd W11 Fhd Prata Metálico,Asus,5.0,1,2.999,2.399
Notebook Dell Inspiron I15-i120k-u25m 15.6  Full Hd 12ª Gera Preto,Dell,4.8,8,3.319,3.069
"Notebook Lenovo IdeaPad 3i Intel Core I3 - 1115G4, 8GB RAM, 256GB SSD, Windows 11 Home, Tela 15,6"" - 82MD0010BR",123 Comprou,4.8,668,4.141,2.879
"Notebook Vaio Fe16 Amd Ryzen 5-5625u Windows 11 Home 8gb RAM 256gb Ssd Wi-Fi 6 Tela 16"" Ips Wuxga Antirreflexo - Cinza Grafite - Vjfe69f11x-b0421h - Permite upgrade de memória RAM e SSD",Loi Brasil,5.0,1,4.666,3.299
Notebook Dell Latitude 5490 Core I5 8th 8gb Ram 256gb Ssd Cor Preto - Excelente (Recondicionado),Vendedor não encontrado,Avaliação não encontrada,reviews não encontrados,Preço não encontrado,2.99
Notebook Asus Vivobook Go Core I3 N305 8gb 256ssd W11 Fhd Prata Metálico,Asus,5.0,1,2.999,2.399
"Apple MacBook Pro A2992 14"" space black 18GB de Ram - 512GB SSD M3",Vendedor não encontrado,5.0,9,Preço não encontrado,13.399
Notebook Positivo Motion Gray 14'' Hd Intel Celeron N4020 120gb Ssd 4gb Win 11 Home Cinza C4120f-s,Vendedor não encontrado,4.4,105,Preço não encontrado,1.399
"MacBook Air M2 (2022) 13.6"" midnight 8GB de Ram - 256GB SSD - Apple M",Vendedor não encontrado,4.9,398,Preço não encontrado,7.499
"Notebook Samsung Galaxy Book4 Intel® Core™ i5-1335U (1.3 Ghz, até 4.6GHz, 12 MB L3 Cache), Windows 11 Home, 16GB, 512GB SSD, Iris Xe, 15.6'' Full HD LED, 1.55kg",Samsung,4.9,1977,4.799,4.558
"Notebook Samsung Galaxy Book4 Intel® Core™ i5-1335U, Windows 11 Home, 8GB, 256GB SSD, Iris Xe, 15.6'' Full HD LED, 1.55kg",Vikings,4.9,1356,5.712,3.899
"Notebook Multi Ultra Celeron N4020c 4gb 128gb W11 15,6'' Cinza - Ub261",123 Comprou,4.5,387,2.055,1.367
Notebook VAIO FE16 AMD Ryzen 5-5625U Linux 8GB RAM 256GB SSD Wi-Fi 6 Tela 16'' IPS WUXGA Antirreflexo - Cinza Grafite - Vjfe69f11x-b0411h - Permite upgrade de memória RAM e SSD,123 Comprou,4.9,42,4.998,2.879
Notebook Lenovo Ideapad 3 - Com Ryzen 5-5500u,Vendedor não encontrado,Avaliação não encontrada,reviews não encontrados,Preço não encontrado,2.699
"Notebook Gamer Legion 5 Intel Core i7-14650HX 16GB 512GB SSD RTX4060 8GB W11Home 16"" WQXGA 83EW0002BR",Lenovo,5.0,1,Preço não encontrado,10.599
"Notebook EliteBook 840 G8 14"" prata 16GB de Ram - 256GB SSD - Intel Core i5",Vendedor não encontrado,3.6,5,Preço não encontrado,2.999
Laptop Dell Latitude 3540 Intel i5-1235U 8 GB 512 GB W11Pro,Vendedor não encontrado,Avaliação não encontrada,reviews não encontrados,Preço não encontrado,4.987
"Notebook Dell Inspiron 15.6"" Full Hd 12 Geração i5-1235U Memória de 8GB DDR4 SSD 512GB",Vendedor não encontrado,4.7,76,Preço não encontrado,3.158
Notebook Asus Vivobook Intel Core I5 1235u 16gb 512ssd W11,Vendedor não encontrado,5.0,3,Preço não encontrado,3.332
Notebook Gamer Acer Nitro V15 15.6 Fhd 144hz I5-13420h Ssd 512gb 8gb Ddr5 Rtx 2050 4gb Linux Gutta Anv15-51-50kd,Carrefour,4.8,256,4.999,4.299
"Notebook Positivo Vision R15 Lumina Bar, AMD Ryzen 5 8GB 256GB, Tela 15 polegadas Full HD Antirreflexo, Linux - Preto",123 Comprou,4.7,43,3.712,2.539
Notebook Acer Vero AV15-53P-56HM Intel® Core™ i5 – 1335U 15.6” Full HD Intel® Iris® Xe 512 GB SSD 8 GB RAM Windows 11 Home,2Eletro,4.9,47,4.199,3.599
"Notebook Acer TravelMate Intel® Core™ i7–1355U de 13ª Geração 16GB RAM 512SSD Windows 11 Pro 14"" WUXGA TMP214-55-70G2",Vendedor não encontrado,4.5,4,Preço não encontrado,4.999
Notebook Acer Aspire 5 Intel I5 12450h 8gb Ram 512gb Cinza,Vendedor não encontrado,Avaliação não encontrada,reviews não encontrados,3.914,2.954
Notebook Dell Latitude 5440 Core I7 13th 32gb Ram 512gb Ssd,Vendedor não encontrado,4.0,1,Preço não encontrado,6.249
Notebook Dell Latitude E6540 - Core I5 4310m - 8gb 500gb - Excelente (Recondicionado),Vendedor não encontrado,Avaliação não encontrada,reviews não encontrados,1.499,1.334
"Notebook Samsung Galaxy Book Go, Windows 11 Home, Snapdragon® 7c, 4gb, 128gb Ufs, 14'' Full Hd Led, 1.38kg Com Copilot Integrado",Samsung,4.8,14,2.249,2.136
"Notebook Dell Latitude 5480 14"" preto 16GB de Ram - 256GB SSD - 16GB HDD - Intel Core i5",Vendedor não encontrado,4.1,45,Preço não encontrado,2.999
Notebook Dell Latitude 3420 Core I7 11ªg 32gb Ram 512gb Ssd Cor Preto,Vendedor não encontrado,4.6,28,Preço não encontrado,5.608
"Notebook Samsung Galaxy Book Go Snapdragon® 7c (Kryo™ 468 Octa-core CPU, até 2.55 GHz), Windows 11 Home, 4GB, 128GB UFS, 14'' Full HD LED, 1.38kg",Vendedor não encontrado,4.7,7280,Preço não encontrado,2.27
"MacBook Air M2 (2022) 13.6"" space gray 8GB de Ram - 256GB SSD - Apple M",Vendedor não encontrado,4.9,398,6.99,6.57
Dell Notebook Core I5 8th 16gb Ssd Win11 Pro Latitude 5400 Cor Cinza-escuro,Vendedor não encontrado,4.2,67,Preço não encontrado,2.999
Notebook Hp 445 G10 Ryzen 5 7530u Radeon 1tb Nvme 32gb Ram Prateado,Vendedor não encontrado,Avaliação não encontrada,reviews não encontrados,Preço não encontrado,4.08
Notebook Dell Latitude 5420 Core I7 11th 32gb Ram 1tb Ssd Cor Cinza - Excelente (Recondicionado),Vendedor não encontrado,Avaliação não encontrada,reviews não encontrados,Preço não encontrado,4.162
"Notebook Samsung Galaxy Book Go Snapdragon 7c Kryo 468 Octa-core 4GB RAM 128GB SSD 14"" Full HD W11 com Office 365 NP340XLA-K07BR",Vendedor não encontrado,4.7,890,Preço não encontrado,2.23
"Notebook Ideapad 1i Intel Core i7 1255U, 12GB RAM, 512GB SSD, Linux, Tela 15,6"" HD 82VYS01000",Vendedor não encontrado,4.8,5440,Preço não encontrado,4.199
Notebook Lenovo V14 Intel Core i5 8gb 256gb Linux 14 82uls00200 Preto,Vendedor não encontrado,4.7,6,Preço não encontrado,2.968
"Notebook Asus Vivobook 15 X1504za Intel Core I5 1235u 8gb Ram 512gb Ssd Windows 11 Tela 15,6 Fhd Silver - Nj986w",Vendedor não encontrado,4.9,295,Preço não encontrado,3.061
"Notebook Positivo Q464c Atom 4gb 64gb Ssd 14,1'' Vermelho Windows 10",Vendedor não encontrado,4.0,853,Preço não encontrado,1.399
Notebook Lenovo E14 Amd Ryzen 7 32gb 512gb Windows 11 Pro,Vendedor não encontrado,Avaliação não encontrada,reviews não encontrados,Preço não encontrado,6.997
Notebook Lenovo Thinkpad E14 Amd Ryzen 5 16gb 512gb W11 Pro,Vendedor não encontrado,Avaliação não encontrada,reviews não encontrados,Preço não encontrado,5.185
"MacBook Air M2 (2022) 13.6"" silver 8GB de Ram - 256GB SSD - Apple M",Vendedor não encontrado,4.9,398,Preço não encontrado,7.399
"Macbook Pro 14 Apple Pro M4 24 GB SSD 512 GB de espaço, cor preta",Vendedor não encontrado,Avaliação não encontrada,reviews não encontrados,Preço não encontrado,17.498
"Notebook Dell Latitude 3450 I5 16gb 512ssd W11 Pro, cor preta",Vendedor não encontrado,Avaliação não encontrada,reviews não encontrados,Preço não encontrado,5.248
Notebook Acer Aspire 3 Intel Core I3 11ª 4gb Ssd 512gb 15.6,Vendedor não encontrado,4.9,21,Preço não encontrado,2.599
"Notebook Latitude 5400 14"" preto 16GB de Ram - 240GB SSD - Intel Core i5",Vendedor não encontrado,4.2,67,Preço não encontrado,2.999
Notebook Acer Aspire 5 Intel I5 12450h 8gb Ram 512gb Cinza Cinza,Vendedor não encontrado,Avaliação não encontrada,reviews não encontrados,Preço não encontrado,2.956
Notebook Lenovo Ideapad 1i Ci3 8gb 256gb W11 15.6 82vy000sbr,Vikings,5.0,7,3.998,2.754
Notebook Dell Vostro 3501 I5-10th 8gb Ram 120gb Ssd,Vendedor não encontrado,5.0,1,3.999,1.999
Notebook Dell 8265u Core I5 8g 256ssd 8gb  W11 Touch Screen,Vendedor não encontrado,Avaliação não encontrada,reviews não encontrados,Preço não encontrado,2.364
"Notebook HP 255 G9 15.6""",Vendedor não encontrado,Avaliação não encontrada,reviews não encontrados,Preço não encontrado,3.122
Notebook Dell Latitude 7450 Ultra 7 32gb Ram 1tb Ssd,Vendedor não encontrado,Avaliação não encontrada,reviews não encontrados,Preço não encontrado,10.4
"Notebook Dell Latitude 3550 Full HD Intel Core i5-1335U de 16 GB 512 ssd Windows 11 Pro de 15,6 polegadas, cor cinza",Vendedor não encontrado,Avaliação não encontrada,reviews não encontrados,Preço não encontrado,7.1
Notebook Lenovo G40 80 Intel I5 5a 8gb Ssd 240gb (Recondicionado),Vendedor não encontrado,Avaliação não encontrada,reviews não encontrados,1.699,1.614
Notebook Lenovo Thinkpad T14 Core I7 11th 32gb Ssd 1tb M.2 Cor Black,Vendedor não encontrado,5.0,1,Preço não encontrado,5.899
Notebook Latitude 5320 Intel Core I7 11°ger 16gb 512gb Ssd Cinza (Recondicionado),Vendedor não encontrado,Avaliação não encontrada,reviews não encontrados,Preço não encontrado,2.999
"Apple Macbook Air 13 Estelar M4 16 Gb, Ssd De 256 Gb",Vendedor não encontrado,Avaliação não encontrada,reviews não encontrados,Preço não encontrado,7.796
Notebook Asus Vivobook X1404va 14 Fhd 128 gb/8 GB de RAM i3-1315U W11 Quiet Blue,Vendedor não encontrado,Avaliação não encontrada,reviews não encontrados,Preço não encontrado,2.34
Notebook Dell Inspiron I15-i120k-u25m 15.6  Full Hd 12ª Gera Preto,Dell,4.8,8,3.319,3.069
"Notebook Vaio Fe16 Amd Ryzen 5-5625u Windows 11 Home 8gb RAM 256gb Ssd Wi-Fi 6 Tela 16"" Ips Wuxga Antirreflexo - Cinza Grafite - Vjfe69f11x-b0421h - Permite upgrade de memória RAM e SSD",Loi Brasil,5.0,1,4.666,3.299
"Notebook Samsung Galaxy Book4 Intel® Core™ i5-1335U, Windows 11 Home, 8GB, 256GB SSD, Iris Xe, 15.6'' Full HD LED, 1.55kg",Vikings,4.9,1356,5.712,3.899
"Apple Macbook Air 13 Estelar M4 16 Gb, Ssd De 256 Gb",Vendedor não encontrado,Avaliação não encontrada,reviews não encontrados,Preço não encontrado,7.796
Notebook Asus Vivobook X1404va 14 Fhd 128 gb/8 GB de RAM i3-1315U W11 Quiet Blue,Vendedor não encontrado,Avaliação não encontrada,reviews não encontrados,Preço não encontrado,2.34
Notebook Ultra Win11 14 Pol. Core I5 8gb Ram 256gb Ssd Ub540 Cor Preto,Vendedor não encontrado,4.7,32,Preço não encontrado,2.558
Notebook Hp Probook 640 G7 Core I5-10° Geração 16gb Ssd 512g Prateado,Vendedor não encontrado,5.0,2,Preço não encontrado,2.698
Notebook Asus Vivobook 15 Core I3 4gb 256ssd Linux Prata Cor Prateado,Vendedor não encontrado,4.5,67,Preço não encontrado,2.279
Notebook Core I3 Trabalho/estudo/jogos - Barato Master N190i 8gb Ram (Recondicionado),Vendedor não encontrado,Avaliação não encontrada,reviews não encontrados,Preço não encontrado,1.099
Notebook Gamer Acer Nitro V15 15.6 Fhd 144hz I5-13420h Ssd 512gb 8gb Ddr5 Rtx 2050 4gb Linux Gutta Anv15-51-50kd,Carrefour,4.8,256,4.999,4.299
Notebook Gamer Lenovo Loq-e Ci5 Rtx3050 512gb 16gb W11+ubook,Mobcom,4.8,19,6.657,4.699
Notebook Positivo Vision C15 Lumina Bar Celeron 8gb 128gb Emmc 15 Hd Linux - Cinza,123 Comprou,Avaliação não encontrada,reviews não encontrados,3.123,1.664
"MacBook Air M2 (2022) 13.6"" starlight 8GB de Ram - 256GB SSD - Apple M",Vendedor não encontrado,4.9,398,Preço não encontrado,6.687
Probook Hp 6460b I5 16gb Ssd 500 Web Cam Super Velocidade,Vendedor não encontrado,Avaliação não encontrada,reviews não encontrados,1.399,1.329
Notebook Lenovo Thinkpad T450 I5- 5300u 8gb 240ssd Preto (Recondicionado),Vendedor não encontrado,Avaliação não encontrada,reviews não encontrados,1.75,1.4
"Notebook Lenovo ThinkPad ThinkPad T14 Gen 3 (Intel) 14"", Intel Core i7 i7-1255U 16GB de RAM 512GB SSD, Integrated Intel Iris Xe Graphics functions as UHD Graphics 60 Hz 1920x1200px Windows 11 Pro",Vendedor não encontrado,Avaliação não encontrada,reviews não encontrados,Preço não encontrado,7.317
Notebook Predator Helios 300 i7-10750H - Excelente (Recondicionado),Vendedor não encontrado,Avaliação não encontrada,reviews não encontrados,Preço não encontrado,5.799
"Notebook V-Series V15 15.6"" black 8GB de Ram - 1TB HDD - Intel Core i5 - Excelente (Recondicionado)",Vendedor não encontrado,Avaliação não encontrada,reviews não encontrados,Preço não encontrado,3.599
Notebook Vaio Fe15 Amd Ryzen 5 8gb Ram 256gb Windows 11 Home Cor Cinza,Vendedor não encontrado,4.8,81,3.563,3.076
Notebook Samsung Galaxy Book4 Windows 11 Home Intel Core I3 8gb 256gb Ssd 15.6'' Full Hd Led 1.55 Kg Grafite,Vendedor não encontrado,4.9,4423,6.699,3.299
"Notebook Vaio Fe16 Amd Ryzen 7-5825u Linux 32gb RAM 512gb Ssd Wi-Fi 6 Tela 16"" Ips Wuxga Antirreflexo - Cinza Grafite - Vjfe69f11xb0221h - - Permite upgrade de memória RAM e SSD",Vaio,4.8,37,4.999,3.799
Notebook Dell Latitude 5450 Ultra 5 135u 32gb 1tb Ssd Nvme,Vendedor não encontrado,Avaliação não encontrada,reviews não encontrados,Preço não encontrado,5.826
Notebook Dell I7 10th 16gb 240gb Ssd Latitude 7310,Vendedor não encontrado,Avaliação não encontrada,reviews não encontrados,2.599,2.368
Notebook Yoga Slim 7x 9ª geração Snapdragon 32gb 1tb14,Vendedor não encontrado,Avaliação não encontrada,reviews não encontrados,Preço não encontrado,9.5
Ultrabook Lenovo Thinkpad L14 Gen2 I5-1145g7 16gb Nvme256+nf Cor Preto,Vendedor não encontrado,3.8,8,Preço não encontrado,3.322
Notebook Dell Core I7 8a Geração 16gb Ram 256gb Ssd Windows,Vendedor não encontrado,Avaliação não encontrada,reviews não encontrados,Preço não encontrado,1.89
Notebook Dell Latitude E6430 I5 16gb Hd 240 Ssd Bat. Nova,Vendedor não encontrado,5.0,2,1.55,1.426
Notebook Dell Latitude E6420 Core I5 8gb Ssd 120gb Hdmi Cor Prateado - Bom (Recondicionado),Vendedor não encontrado,Avaliação não encontrada,reviews não encontrados,Preço não encontrado,950.0
Notebook Dell Latitude 3400 I5 8265 8gb 240ssd - Excelente (Recondicionado),Vendedor não encontrado,Avaliação não encontrada,reviews não encontrados,Preço não encontrado,1.55
Macbook Air M4 16gb Ram 256gb Ssd (2025) Midnight Sky Blue Meia-noite,Vendedor não encontrado,Avaliação não encontrada,reviews não encontrados,Preço não encontrado,8.199
Notebook Dell Inspiron I15 i120k-u20p 15.6 Full Hd 12ª Gera,Dell,Avaliação não encontrada,reviews não encontrados,3.239,2.999
Notebook Dell Latitude I5 2.53ghz 120gb Ssd 4gb Cinza Cinza (Recondicionado),Vendedor não encontrado,4.0,1,Preço não encontrado,801.0
Notebook Dell Latitude 3450 Ultra5 135u 14t 16gb 512ssd,Vendedor não encontrado,Avaliação não encontrada,reviews não encontrados,Preço não encontrado,4.35
"MacBook Air 13-inch 13"" midnight 8GB de Ram - 256GB SSD - Apple Chip M3",Vendedor não encontrado,4.9,56,Preço não encontrado,7.999
Notebook Dell Inspiron 15 (3520) 15.6 FHD 512 GB/16 GB de RAM i5-1235U W11,Vendedor não encontrado,5.0,4,Preço não encontrado,3.909
Placa Filha On/off Compatível Dell Inspiron 5401 5402 5501,Vendedor não encontrado,Avaliação não encontrada,reviews não encontrados,Preço não encontrado,104.0
"Notebook Asus Vivobook Core I5 8gb 256ssd Linux 15,6 Prata Cor Prateado",Vendedor não encontrado,4.4,65,Preço não encontrado,2.658
Macbook Air M4 16gb 256ssd 13 Pol. Midnight (2025) | Nf-e,Vendedor não encontrado,Avaliação não encontrada,reviews não encontrados,Preço não encontrado,7.998
Macbook Air M2 2022 Midnight 16gb De Ram - 256gb Ssd - Apple,Vendedor não encontrado,5.0,1,Preço não encontrado,6.599
Macbook Air 13 Apple M4 8-core Gpu 16gb Ram 256gb Ssd Preto,Vendedor não encontrado,5.0,1,Preço não encontrado,8.199
Notebook Dell Vostro 3401 I5 10o 16gb 256gb Ssd Windows 11,Vendedor não encontrado,Avaliação não encontrada,reviews não encontrados,Preço não encontrado,2.499
Notebook Dell Latitude 5510 Core I5 10310u 16gb 256gb Ssd,Vendedor não encontrado,Avaliação não encontrada,reviews não encontrados,3.799,3.229
"Notebook Dell 3420, Tela Full Hd, I5 11ªger, 16gb, Ssd-256gb Cinza (Recondicionado)",Vendedor não encontrado,Avaliação não encontrada,reviews não encontrados,Preço não encontrado,2.599
Notebook Dell Latitude 5290 I5 32gb Ram 1tb Ssd Win11 Hdmi,Vendedor não encontrado,Avaliação não encontrada,reviews não encontrados,Preço não encontrado,3.25
Notebook Dell Latitude Core I5 8ª Ger 16gb Ssd 256gb Windows Cinza (Recondicionado),Vendedor não encontrado,Avaliação não encontrada,reviews não encontrados,Preço não encontrado,2.299
Notebook Asus Vivobook Go 15 E1504ga-nj434w Intel Core I3,Carrefour,Avaliação não encontrada,reviews não encontrados,Preço não encontrado,2.855
Notebook Dell Latitude 3490 I5 7ger 16gb Ssd 240gb,Vendedor não encontrado,Avaliação não encontrada,reviews não encontrados,1.8,1.71
Notebook Lenovo Thinkpad T14 Intel Core I5 10ager 16gb 256gb,Vendedor não encontrado,5.0,1,Preço não encontrado,1.699
Notebook Hp Probook 440 G3 I5 8gb Ssd 120gb,Vendedor não encontrado,Avaliação não encontrada,reviews não encontrados,Preço não encontrado,1.599
Notebook Lenovo Thinkpad X250 Intel Core I5 8gb 256gb Ssd,Vendedor não encontrado,5.0,2,1.699,1.342
Notebook Lenovo Thinkpad T480 Intel Core I5 8ag 8gb Ssd128gb,Vendedor não encontrado,5.0,5,Preço não encontrado,1.199
Notebook Dell Latitude 3540 (FM4RY) 16gb 256ssd Fhd preto Intel Core i7 (Novo com caixa aberta),Vendedor não encontrado,Avaliação não encontrada,reviews não encontrados,Preço não encontrado,5.25
Macbook Air M4 16gb Ram 256gb Ssd (2025) Midnight Sky Blue Azul-celeste,Vendedor não encontrado,5.0,1,Preço não encontrado,8.199
Macbook Air de 13 polegadas chip SSD M4 de 256 GB cor prata,Vendedor não encontrado,5.0,3,Preço não encontrado,8.1
Laptop Dell Inspiron i15-i1300-M50P 15.6 Full HD de 13ª geração RAM 16 GB Core i5 Cor Preto,Dell,4.8,79,Preço não encontrado,4.109
Notebook Dell Inspiron I15-i120k-u30p 15.6  Full Hd 12ª Gera Preto,Dell,4.7,36,3.579,3.299
Notebook Lenovo E14 Core I7-10ger 16gb 512ssd Windows 11 Preto (Recondicionado),Vendedor não encontrado,5.0,1,Preço não encontrado,3.999
"Notebook Vaio Fe16 Amd Ryzen 5-5625u Windows 11 Home 8gb RAM 256gb Ssd Wi-Fi 6 Tela 16"" Ips Wuxga Antirreflexo - Cinza Grafite - Vjfe69f11x-b0421h - Permite upgrade de memória RAM e SSD",Loi Brasil,5.0,1,4.666,3.299
Notebook Gamer Acer Nitro V15 15.6 Fhd 144hz I5-13420h Ssd 512gb 8gb Ddr5 Rtx 2050 4gb Linux Gutta Anv15-51-50kd,Carrefour,4.8,256,4.999,4.299
Notebook Gamer Lenovo Loq-e Ci5 Rtx3050 512gb 16gb W11+ubook,Mobcom,4.8,19,6.657,4.699
Notebook Lenovo E14 Core I7-10ger 16gb 512ssd Windows 11 Preto (Recondicionado),Vendedor não encontrado,5.0,1,Preço não encontrado,3.999
Dell Latitude 3470 I7-6th 8gb Ram 240gb Ssd ( Detalhe ),Vendedor não encontrado,Avaliação não encontrada,reviews não encontrados,2.599,1.299
Notebook Asus Vivobook X543u I3-7020u 8gb 256gb Ssd W10,Mercado Notebook,Avaliação não encontrada,reviews não encontrados,Preço não encontrado,999.0
Notebook Lenovo Thinkpad T410/8gb Mem/ Ssd120gb,Vendedor não encontrado,Avaliação não encontrada,reviews não encontrados,Preço não encontrado,850.0
Netbook Mgb Pupil Estado De Novo,Vendedor não encontrado,Avaliação não encontrada,reviews não encontrados,Preço não encontrado,450.0
Notebook Dell Core I5 10th 16gb Ram 256gb Ssd Hdmi Win11 Pro Prateado (Recondicionado),Vendedor não encontrado,5.0,1,Preço não encontrado,1.99
Notebook Samsung Galaxy Book4 Windows 11 Home Intel Core I3 8gb 256gb Ssd 15.6'' Full Hd Led 1.55 Kg Grafite,Vendedor não encontrado,4.9,4423,6.699,3.299
"Notebook Vaio Fe16 Amd Ryzen 7-5825u Linux 32gb RAM 512gb Ssd Wi-Fi 6 Tela 16"" Ips Wuxga Antirreflexo - Cinza Grafite - Vjfe69f11xb0221h - - Permite upgrade de memória RAM e SSD",Vaio,4.8,37,4.999,3.799
Lenovo Loq-e Ci5 Rtx3050 16gb+controle Xbox Pc+giftcard R$50,Mobcom,4.8,40,6.656,4.999
Notebook Dell Latitude 3400 Core I5 16gb 240gb Ssd,Vendedor não encontrado,Avaliação não encontrada,reviews não encontrados,Preço não encontrado,1.75
Notebook Dell 15.6  Fhd Intel I7 16gb 512gb Ssd Preto,Dell,4.8,36,Preço não encontrado,4.769
HP Envy X360 2 em 1 Core i5 120u 14 Tac 8gb Ram 512gb Ssd Silver Color,Vendedor não encontrado,5.0,1,Preço não encontrado,4.599
"Notebook Dell Inspiron 15 Intel Core i5 - 1334U 13 Geração 8GB RAM 512GB SSD Linux Tela 15,6"" Full HD I15-I1300-U30P",Dell,4.4,29,3.469,3.199
Notebook Dell Inspiron 15.6 Full Hd AMD Ryzen 5 7520U Memória 8GB 512GB SSD Linux I15-A0507-U10P,Dell,4.6,34,3.249,2.999
Notebook Gamer Dell G15-i1300-m75p 15.6  Fhd 13ª Geração Int Preto,Dell,4.8,11,8.969,8.299
Lenovo Loq-e Ci5 Rtx3050 16gb+controle Xbox + Gift Card R$50,Mobcom,5.0,13,6.656,4.999
Lenovo Loq-e Ci5 Rtx3050 16gb+controle Xbox + Gift Card R$50,Mobcom,4.9,10,6.999,5.299
Notebook Positivo Vision C14 Lumina Bar Celeron 8gb 256gb Emmc Tela 14 Polegadas Hd Antirreflexo Linux Tecla Link - Cinza,Positivo,4.5,460,2.099,1.399
Notebook Dell Inspiron i15-i1300-M30P 15.6 Full HD de 13ª geração 8GB de RAM 512GB SSD cor Preto,Dell,4.9,42,3.789,3.499
Notebook Dell Inspiron 15 - I15-i120k-m25p 15.6 Full Hd 12ª i5 8GB RAM 512 SSD Windows,Dell,5.0,1,Preço não encontrado,3.429
Notebook Hp 14-dq0054dx Intel Celeron 4/64gb Tela 14  Rose,Vendedor não encontrado,3.9,11,Preço não encontrado,2.299
"Notebook Dell Inspiron 15 Intel Core i7 - 1355U (13ª Geração), 16GB RAM, 1TB SSD, Windows 11 Home, Tela 15,6"" Full HD - I15-I1300-M80P",Dell,4.8,111,Preço não encontrado,4.989
Notebook Dell Inspiron I15-i1300-m60p 15.6  Full Hd 13ª Gen  Preto,Dell,5.0,25,4.639,4.299
Notebook Dell Inspiron Plus I16-u7155h-m30 16  Qhd+ Intel® C Prata Gelo,Dell,3.7,3,9.819,8.999
Notebook Lenovo T480 Core I5-8350u 16gb Ssd 512gb Hdmi,Vendedor não encontrado,4.5,4,Preço não encontrado,2.999
Notebook Dell Inspiron I15-i1300-m10p 15.6  Full Hd 13ª Gen  Preto,Dell,4.4,14,3.459,3.199
Notebook Gamer Dell G15-i1300-u25p 15.6 Fhd 13ª i5 8GB 512 SSD RTX 3050 Linux,Dell,5.0,6,Preço não encontrado,6.009
Notebook 2 Em 1 Dell Inspiron 2in1-i150u-m50 14  Fhd+ Touch  Prata Gelo,Dell,4.9,13,7.019,6.499
Notebook Dell Inspiron I14-i120u-m20 14  Fhd+ Intel® Core 5 Prata Gelo,Dell,4.3,6,5.199,4.799
Chromebook Acer Cb514-4ht-359x Intel I3 512/8gb 14  Touch,Vendedor não encontrado,Avaliação não encontrada,reviews não encontrados,Preço não encontrado,3.059
Notebook Dell Inspiron I15-i1300-m70ps 15.6  Full Hd 13ªgen  Preto,Dell,5.0,2,5.019,4.649
Notebook Gamer Dell G15-i1300-u65p 15.6  Fhd 13ª Geração Int Preto,Dell,4.8,24,7.309,6.799
Notebook 2 Em 1 Dell Inspiron 2in1-i1300-m10 14  Fhd+ Touch  Prata Gelo,Dell,5.0,3,6.019,5.599
Notebook 2 Em 1 Dell Inspiron 2in1-i1300-m30 14  Fhd+ Touch  Prata Gelo,Dell,4.9,8,6.149,5.699
"Notebook Dell Inspiron I15 Intel Core i5 - 1235U (12ª Geração), 16GB RAM, 512 SSD, Windows 11 Home, Tela 15,6"" FULL HD - I15-I120K-M30P",Dell,4.9,59,Preço não encontrado,3.739
Notebook Lenovo Ideapad Flex 5 2-em-1 I5 Ssd 512 Gb Touch,Vendedor não encontrado,Avaliação não encontrada,reviews não encontrados,Preço não encontrado,3.874
Notebook Lenovo Ideapad 1 R3-7320U 4GB de RAM 256GB SSD W11 Home 15.6 82x5000ebr,Vendedor não encontrado,4.8,1021,Preço não encontrado,2.058
Notebook Ideapad Gaming 3 R7 16gb 512gb Ssd Rtx 3060 Linux Cor Shadow black,Vendedor não encontrado,4.4,23,Preço não encontrado,6.466
Notebook Dell Latitude 3490 Core I5 7th 16gb 256 Ssd M2,Vendedor não encontrado,Avaliação não encontrada,reviews não encontrados,1.799,1.691
Notebook Dell 8265u Core I5 8g 256ssd 8gb  W11 Touch Screen,Vendedor não encontrado,Avaliação não encontrada,reviews não encontrados,Preço não encontrado,2.364
Notebook Blackview Acebook 8 Tela 15.6 Intel 512/16 Gb Ssd,Vendedor não encontrado,Avaliação não encontrada,reviews não encontrados,Preço não encontrado,2.499
Macbook Air de 13 polegadas Chip M4 512 GB SSD azul meia-noite azul meia-noite,Vendedor não encontrado,5.0,1,Preço não encontrado,10.229
Notebook Dell Latitude 3420 I5 11th Com 16gb 512gb - Excelente (Recondicionado),Micro Livre,Avaliação não encontrada,reviews não encontrados,Preço não encontrado,2.771
Notebook I5 10gen Ssd 256gb 32gb Tela Touch Fhd Hdmi Usb-c N,INFO OUTLET,5.0,3,3.999,2.799
"Notebook ASUS Vivobook 15 X1504VA Intel Core i5 1334U 16Gb Ram 1TB SSD Linux KeepOS Intel Iris Xe Tela 15,6"" LED FHD Silver NJ2247",Vendedor não encontrado,4.4,10,3.899,3.399
"Apple MacBook Pro A2251 (Mid 2020) 13"" - 512 GB de SSD - Cinza-espacial - Bom (Recondicionado)",Vendedor não encontrado,Avaliação não encontrada,reviews não encontrados,Preço não encontrado,4.099
Notebook Dell Inspiron I15-a0507-m10p 15.6  Full Hd Amd Ryze Preto,Dell,4.9,9,3.569,3.299
Notebook Lenovo Thinkbook 14 Intel Core I7 16gb 512gb W11pro,Lenovo,Avaliação não encontrada,reviews não encontrados,Preço não encontrado,6.479
Notebook Lenovo V14 G4 Intel Core I5 8gb 256gb Ssd Linux 14,Lenovo,5.0,1,3.349,3.089
"Notebook Latitude 5400 14"" preto 16GB de Ram - 512GB SSD - Intel Core i5",Vendedor não encontrado,4.2,67,Preço não encontrado,3.456
Chip Macbook Air de 15 polegadas SSD M4 de 512 GB - azul meia-noite azul meia-noite,Vendedor não encontrado,Avaliação não encontrada,reviews não encontrados,Preço não encontrado,12.499
Notebook Hp 240 G7 I5-8250u 8gb 240gb Ssd Cor Preto - Excelente (Recondicionado),Vendedor não encontrado,Avaliação não encontrada,reviews não encontrados,1.844,1.696
Apple Macbook air 13 M4 16gb Ram 256gb Ssd Prateado,Apple,5.0,1,Preço não encontrado,12.998
Notebook Asus Vivobook S14 Core Ultra 7 32gb 1tb Ssd W11,Asus,5.0,3,9.499,7.999
